Название Скважины,ГЗУ,Связь,Статус работы,Тип Скважины,"Qж (факт), т/сут","Qж (4 часа), т/сут","Рлин, атм","Тлин, °C","Работа, ч",Комментарии
1259G,ГЗУ-12 птв,1783942958.607,Running,Srp,1.1514307739930987,1.1371514840327122,,,-,
1260G,ГЗУ-11 птв,1783943080.858,,Srp,1.525694132052454,1.4679337040946026,,,-,
1261G,ГЗУ-11 птв,1783941748.881,Running,Srp,9.980970561994646,10.61411422957548,,,-,
1262G,ГЗУ-11 птв,1783943166.128,Stop,Srp,15.124054322164087,15.213899556456276,,,-,
1263G,ГЗУ-11 птв,1783138222.031,Running,Srp,null,null,,,-,
1273G,ГЗУ-18 птв,1783943379.13,Running,Pcp,26.71498641901286,27.0221701238772,,,-,
1275G,ГЗУ-19 птв,1783942479.076,,Pcp,17.251104021859756,17.241169701136535,,,-,
1351G,ГЗУ-12 птв,1783942400.707,,Srp,1.4548928353109172,1.4758418428480478,,,-,
1352G,ГЗУ-12 птв,1777616767.797,Running,Srp,null,null,,,-,
1353G,ГЗУ-12 птв,1783692735.979,,Srp,null,null,,,-,
1355G,ГЗУ-12 птв,1783943493.013,Running,Srp,11.516009882423765,11.655402970294565,,,-,
1364G,ГЗУ-19 птв,1783942876.295,Running,Pcp,60.62906136913799,60.555696199352596,,,-,
1365G,ГЗУ-19 птв,1783941803.918,Stop,Srp,15.129155226188255,15.178167651078395,0,0,-,
1368G,ГЗУ-25 птв,1783943314.228,Running,Pcp,0,0,0,0,-,
1369G,ГЗУ-25 птв,1783942934.39,Running,Srp,8.180273686192795,8.314404807935658,2.1,33.6,-,
1371G,ГЗУ-25 птв,1783941772.714,,Srp,19.41069810645086,0,,,-,
1465G,ГЗУ-25 птв,1783942782.781,,Pcp,25.67220709571621,25.62581011758061,,,-,
1496D,ГЗУ-17 птв,1783942734.821,Running,Pcp,51.178878090007935,50.813846871894576,1.8,34.7,-,
1556G,ГЗУ-25 птв,1783941924.788,Running,Pcp,24.418401553191686,24.609724187636786,,,-,
1557G,ГЗУ-25 птв,1783908036.12,,Pcp,0,null,,,-,
1559G,ГЗУ-27 п,1778307748.959,,Pcp,null,null,,,-,
1653G,ГЗУ-25 птв,1783942990.268,Running,Pcp,10.915147519969546,10.872636708210612,,,-,
1657G,ГЗУ-27а п,1783942358.525,,Pcp,6.729999245155471,5.207281712468659,,,-,
1к,ГЗУ-1 ввг,1783942842.671,,Srp,32.00622133247789,32.15293142888257,,,-,
377D,ГЗУ-33а п,1783943009.456,Running,Srp,30.602707085323107,22.223250817039574,3.77,150,-,
391D,ГЗУ-10 птв,1782698435.837,Running,Pcp,null,null,,,-,
4380G,ГЗУ-27 п,1779069641.339,Running,Pcp,null,null,,,-,
4381G,ГЗУ-27 п,1783942710.577,,Pcp,5.30356086162627,5.976944031331081,,,-,
4661А,ГЗУ-21 птв,1783942502.163,,Pcp,50.976584017960526,50.379218630466895,,,-,
524D,ГЗУ-33а п,1783929105.057,,Srp,16.526280908481706,null,,,-,
550D,ГЗУ-33а п,1783942947.662,,Pcp,0,0,,,-,
569D,ГЗУ-33а п,1783943483.638,Running,Pcp,45.994764131426564,45.537982297913175,,,-,
571D,ГЗУ-33а п,1783943480.54,Running,Pcp,25.101257992401447,25.03964711452442,,,-,
5750D,ГЗУ-33 п,1783941663.358,Running,Srp,25.776912861261014,25.81522120911318,,,-,
584D,ГЗУ-33а п,1783941960.282,Running,Pcp,0,0,0,0,-,
585D,ГЗУ-33а п,1783943249.273,Stop,Pcp,9.667518545624512,11.731354672253564,,,-,
587D,ГЗУ-33а п,1783943109.481,Running,Pcp,56.770543111822036,57.207356661034915,,,-,
5к,ГЗУ-1 ввг,1783943295.434,,Srp,20.833013844473722,20.619834568146878,,,-,
602D,ГЗУ-33а п,1783942368.543,,Srp,20.54864015017207,20.598544026472442,,,-,
605D,ГЗУ-33а п,1783942354.915,Stop,Pcp,12.394093444521555,12.462153960433668,2.01,29.6,-,
606D,ГЗУ-33а п,1783942350.676,Running,Pcp,33.15016344438466,33.35330468041693,,,-,
609D,ГЗУ-33а п,1778736454.946,Stop,Pcp,null,null,,,-,
6к,ГЗУ-33а п,1783943267.683,,Pcp,11.788728309184027,12.838790300956065,,,-,
90D,ГЗУ-1 ввг,1783943492.969,,Srp,0,0,,,-,
8,ГЗУ-33а п,1783943339.312,Running,Srp,26.166576710278214,26.48627879028875,,,-,
10,ГЗУ-33а п,1783943010.255,Running,Srp,17.915907194209314,17.884519407727886,,,-,
11,ГЗУ-33а п,1783942691.924,,Pcp,12.939355501165755,12.933253495630728,,,-,
12,ГЗУ-33а п,1783942930.911,Running,Srp,24.76683728174628,24.74277264002896,2.33,32.2,-,
19,ГЗУ-1 ввг,1783942352.677,Running,Pcp,46.200128360070785,46.155194889353304,,,-,
23,ГЗУ-1 ввг,1783943343.259,Stop,Pcp,21.633494696562224,22.56534950825036,,,-,
25,ГЗУ-1 ввг,1783942588.709,Stop,Pcp,13.113989617573473,12.691851321111884,,,-,
32,ГЗУ-16 птв,1783942407.099,Running,Pcp,0,0,,,-,
33,ГЗУ-21 птв,1783943067.432,Running,Srp,18.013189596102606,18.33475999600904,,,-,
34,ГЗУ-24 птв,1783941720.567,Running,Pcp,51.83456237822074,51.73905829679983,,,-,
35,ГЗУ-24 птв,1783940243.504,,Pcp,10.041722925850019,10.066358549069435,,,-,
43,ГЗУ-34 п,1783942888.395,Running,Pcp,64.94756762337536,65.03559807782783,,,-,
46,ГЗУ-1 ввг,1783942976.587,Stop,Pcp,18.372282804316324,18.957288548999013,,,-,
47,ГЗУ-1 ввг,1783601903.119,Running,Pcp,null,null,,,-,
49,ГЗУ-1 ввг,1783940775.6,Running,Pcp,19.051276780585077,19.104647826746437,,,-,
54,ГЗУ-1 ввг,1783735235.825,Running,Srp,null,null,,,-,
55,ГЗУ-1 ввг,1783943069.641,Stop,Pcp,43.455438758619955,43.19327932889122,,,-,
57,ГЗУ-1 ввг,1783942845.577,Stop,Pcp,32.67588040177965,33.00906814048742,,,-,
59,ГЗУ-1 ввг,1783943205.308,Stop,Pcp,46.70236351705738,46.68208016117786,,,-,
63,ГЗУ-1 ввг,1783923259.762,,Pcp,16.998735031027866,null,,,-,
64,ГЗУ-1 ввг,1778983242.166,Running,Pcp,null,null,,,-,
65,ГЗУ-1 ввг,1783942415.304,Running,Pcp,5.426245264546032,5.03206367898812,,,-,
66,ГЗУ-1 ввг,1783943094.766,Running,Pcp,76.6727937451042,76.52818248320581,,,-,
71,ГЗУ-1 ввг,1783943218.058,,Pcp,5.387954596554117,5.299155327347747,,,-,
74,ГЗУ-1 ввг,1783942686.586,Running,Pcp,29.183046222984615,29.36402541171372,,,-,
88,ГЗУ-1 ввг,1783941865.812,,Pcp,41.27627145816032,40.83301801996864,,,-,
95,ГЗУ-1 ввг,1783942957.792,Running,Pcp,32.12833754430258,32.054033596203,,,-,
96,ГЗУ-1 ввг,1783942861.657,,Pcp,32.40157742209624,20.143880337326056,,,-,
97,ГЗУ-1 ввг,1783942025.37,,Pcp,8.070222744677462,8.706779033001514,,,-,
98,ГЗУ-1 ввг,1783940066.656,Stop,Pcp,13.06821223953171,13.113706074924574,,,-,
100,ГЗУ-1 ввг,1783943429.74,Running,Srp,27.498029052590095,27.49528214732954,,,-,
141,ГЗУ-25 птв,1783942640.045,Running,Pcp,43.557369729707126,43.467902268021234,,,-,
146,ГЗУ-34 п,1783942348.165,Running,Pcp,38.85238923228248,null,2.16,27.7,-,
148,ГЗУ-33а п,1783940629.916,Running,Pcp,29.310936198681805,28.847350596474367,,,-,
149,ГЗУ-33а п,1773907357.163,,Srp,null,null,,,-,
155,ГЗУ-1 ввг,1783943064.164,Running,Pcp,24.22925575684663,24.69175138687861,,,-,
156,ГЗУ-1 ввг,1783942788.253,,Pcp,18.755701960088796,18.828712025005863,,,-,
161,ГЗУ-33а п,1783943350.448,Running,Srp,24.305406200779718,24.27333076856227,2.26,32.4,-,
163,ГЗУ-33а п,1783942669.885,,Pcp,13.523937793089416,13.632307756665588,,,-,
166,ГЗУ-33а п,1783943452.731,Running,Srp,10.222746862889462,10.264964649739424,,,-,
167,ГЗУ-33а п,1783943063.773,Running,Srp,30.195536527084812,30.413651284982866,,,-,
168,ГЗУ-33а п,1783943178.182,,Pcp,10.417326200804098,10.26634864932906,,,-,
171,ГЗУ-33а п,1783943409.751,Running,Pcp,13.800917034749773,13.611112069683259,,,-,
179,ГЗУ-12а ввг,1783942664.83,,Pcp,1.3095456722666339,2.37260734288236,,,-,
180,ГЗУ-1 ввг,1783943037.656,Running,Srp,9.61854478294393,9.162921693549112,2.39,33.5,-,
181,ГЗУ-1 ввг,1783940709.093,,Pcp,16.537096415654055,16.758329125590873,,,-,
183,ГЗУ-33а п,1783943303.553,,Pcp,7.826612363061016,7.668013390859723,,,-,
184,ГЗУ-33а п,1783943299.016,Running,Pcp,28.259185473552108,28.327313995196413,,,-,
186,ГЗУ-33а п,1783943453.45,Running,Srp,5.774651261611567,5.82340781245506,,,-,
187,ГЗУ-33а п,1783942732.064,,Srp,1.5657243834100183,1.465800539216238,,,-,
200,ГЗУ-34 п,1783942462.906,Stop,Srp,20.63848713011382,20.462524688614927,,,-,
227,ГЗУ-33 п,1783942477.769,Running,Pcp,19.26453100669747,18.620482009403784,3.07,2725.6,-,
286,ГЗУ-1 ввг,1783943283.786,Running,Pcp,12.289607634218436,12.249003148197763,1.71,34.5,-,
289,ГЗУ-33а п,1783942478.597,Running,Srp,0,0.00031683062858972046,258.56,0,-,
299,ГЗУ-33 п,1783943463.567,Running,Srp,20.015485823443704,19.899019869539043,2.31,33.5,-,
300,ГЗУ-33 п,1783942363.426,Running,Srp,19.97135142695329,20.174576233116067,,,-,
301,ГЗУ-33 п,1783942987.835,Running,Srp,17.37863241223159,18.224736449875,,,-,
302,ГЗУ-33 п,1783941908.734,,Srp,46.768549503804564,46.72186049147508,,,-,
303,ГЗУ-33 п,1783942996.004,Running,Pcp,9.081660068552363,8.870790700357698,,,-,
305,ГЗУ-33 п,1783943044.561,Running,Srp,16.14538978113127,15.520661260129243,2.91,34.5,-,
308,ГЗУ-33а п,1783942428.645,Running,Srp,12.414358611750139,12.188514858458372,2.84,32.6,-,
309,ГЗУ-33а п,1783942877.359,Running,Srp,0,0,0,0,-,
310,ГЗУ-33а п,1783942999.283,Stop,Pcp,7.0344825598672704,5.374909253976975,,,-,
313,ГЗУ-33а п,1783941621.768,Running,Pcp,17.07268756744024,17.11162413918576,2.98,36.9,-,
314,ГЗУ-33а п,1783942358.433,Stop,Srp,27.026914764011483,26.985459536318718,,,-,
316,ГЗУ-33а п,1783942937.585,,Srp,5.415318960852509,5.501830337862976,,,-,
319,ГЗУ-33а п,1783942467.704,Running,Pcp,9.145147670394147,17.99396650892269,2.5,32.8,-,
320,ГЗУ-33а п,1783942489.827,Running,Srp,9.18361635452455,8.610157848795403,,,-,
353,ГЗУ-34 п,1783940146.663,Running,Pcp,16.609954071678334,16.606771542988753,,,-,
354,ГЗУ-34 п,1783943289.027,Running,Pcp,42.18268993775205,42.21509994977743,,,-,
355,ГЗУ-34 п,1783941583.577,Running,Pcp,103.28840855235507,102.62500849000205,,,-,
356,ГЗУ-34 п,1783943256.037,Running,Pcp,null,84.04195708450075,,,-,
358,ГЗУ-34 п,1783942250.215,Running,Srp,1.1473783563828255,1.1487732082009556,,,-,
360,ГЗУ-34 п,1780230243.988,Running,Pcp,null,null,,,-,
361,ГЗУ-34 п,1783943222.318,Running,Pcp,63.218454895474544,63.166407988406,,,-,
362,ГЗУ-34 п,1781431306.042,,Pcp,null,null,,,-,
363,ГЗУ-33а п,1783943162.585,Running,Srp,36.30812103420237,36.374201841297364,,,-,
364,ГЗУ-33а п,1783942281.191,Stop,Pcp,38.76567176915227,38.59337522732876,,,-,
368,ГЗУ-33 п,1783942403.241,Running,Pcp,63.21701100526217,63.202724557038174,,,-,
372,ГЗУ-34 п,1781143236.07,,Pcp,null,null,,,-,
373,ГЗУ-34 п,1783942613.335,Running,Pcp,41.952205485546955,42.30876412610035,,,-,
375,ГЗУ-34 п,1783942774.15,Running,Pcp,31.04031213716583,30.882319022214357,,,-,
376,ГЗУ-33а п,1783942391.039,Running,Pcp,14.766540555495471,14.663447852974784,,,-,
378,ГЗУ-33а п,1783943112.758,Running,Srp,47.80485045466309,47.48149092002591,,,-,
386,ГЗУ-34 п,1783941828.177,Running,Srp,53.528048428778156,53.546338783765314,,,-,
387,ГЗУ-34 п,1783943064.487,,Pcp,26.555819427074862,90.45528577041262,,,-,
388,ГЗУ-33а п,1783942854.563,Running,Pcp,67.65612158272911,67.23524496732841,,,-,
397,ГЗУ-34 п,1783942455.211,Running,Pcp,100.50597956789679,101.5502698456758,,,-,
398,ГЗУ-34 п,1783942864.553,Running,Pcp,62.44269895508678,62.10820560864192,,,-,
399,ГЗУ-34 п,1783942721.703,Stop,Pcp,54.46181437638578,54.408056491511644,,,-,
401,ГЗУ-33а п,1783942338.827,Stop,Srp,29.669835005603957,29.671221362973707,,,-,
402,ГЗУ-33а п,1783943301.99,Running,Srp,23.482098156203097,23.298096262002616,,,-,
404,ГЗУ-33 п,1783943252.432,Running,Srp,41.29660886553786,41.365036088163706,,,-,
405,ГЗУ-34 п,1783942719.462,,Pcp,4.371126575658519,4.356452708278726,,,-,
407,ГЗУ-34 п,1780452038.94,Running,Pcp,null,null,,,-,
409,ГЗУ-34 п,1783941135.22,Running,Pcp,102.59087391197075,80.48833375514022,,,-,
410,ГЗУ-34 п,1782698435.638,Stop,Pcp,null,null,,,-,
415,ГЗУ-34 п,1783943273.774,Running,Pcp,11.462339356147554,11.5044082840458,,,-,
416,ГЗУ-34 п,1783942329.764,Running,Pcp,0,0,,,-,
419,ГЗУ-33а п,1783942494.418,Running,Srp,9.024092527704118,9.003592586135692,,,-,
421,ГЗУ-33а п,1783942592.31,,Srp,12.603823325614963,12.195369083320253,,,-,
425,ГЗУ-34 п,1783939616.767,Running,Pcp,58.679910701207135,58.20254728515346,,,-,
426,ГЗУ-34 п,1783943483.46,Running,Pcp,38.91789019430041,38.74973102200725,,,-,
427,ГЗУ-34 п,1783942161.015,Running,Pcp,54.88373416683509,54.7965082704339,,,-,
428,ГЗУ-34 п,1783735235.325,Stop,Srp,null,null,,,-,
429,ГЗУ-34 п,1783943227.038,Running,Srp,69.85929162493878,69.64926743696834,,,-,
431,ГЗУ-33а п,1777970824.564,Running,Pcp,null,null,,,-,
432,ГЗУ-33а п,1783943447.09,Running,Pcp,53.03440979316195,52.907746334512865,,,-,
434,ГЗУ-33 п,1779096774.417,,Srp,null,null,,,-,
437,ГЗУ-34 п,1783942909.622,,Pcp,3.1443624179559104,3.072963005921599,,,-,
439,ГЗУ-34 п,1783940838.252,,Pcp,89.40804794168757,89.50412767936797,,,-,
440,ГЗУ-34 п,1783647146.834,,Pcp,null,null,,,-,
445,ГЗУ-33а п,1783943364.23,Running,Pcp,10.030861752466942,11.057075761416447,,,-,
447,ГЗУ-34 п,1783932135.96,,Pcp,14.70433441306559,null,,,-,
450,ГЗУ-34 п,1783942648.746,Running,Pcp,99.24340841217655,99.19168291944163,,,-,
451,ГЗУ-34 п,1783942592.66,,Pcp,99.25632112848699,96.65207180511236,,,-,
452,ГЗУ-34 п,1783942851.289,Running,Srp,69.45984453963604,69.10102619219846,,,-,
454,ГЗУ-34 п,1783942567.82,,Pcp,60.6517446226225,60.57852227056407,,,-,
455,ГЗУ-34 п,1783943053.612,Running,Pcp,34.87340192215328,35.09306989851886,,,-,
456,ГЗУ-34 п,1783943266.763,,Pcp,0.8064120520600665,0.8219303448273475,,,-,
462,ГЗУ-33а п,1783940599.186,,Srp,30.130912242480512,29.06849904458341,,,-,
463,ГЗУ-33а п,1783942899.852,Stop,Srp,32.614182253250945,32.60157786874186,,,-,
465,ГЗУ-33 п,1783943008.047,Running,Srp,26.967574947783337,27.06552606890263,,,-,
466,ГЗУ-34 п,1781575234.758,Running,Pcp,null,null,,,-,
468,ГЗУ-34 п,1783942536.174,Running,Pcp,2.3201645105498945,2.0722329506992194,,,-,
471,ГЗУ-34 п,1783943260.675,,Pcp,59.13366542663109,58.90769840064451,,,-,
472,ГЗУ-34 п,1783943195.966,Stop,Pcp,55.08329693678699,54.95141111258626,,,-,
473,ГЗУ-33а п,1783942996.6,Running,Srp,30.03328753153121,26.332602694480084,,,-,
475,ГЗУ-33а п,1783942339.401,Running,Srp,33.63171920479523,33.9294808426099,,,-,
478,ГЗУ-34 п,1783941725.386,Running,Srp,23.93367077308466,23.718582983087902,,,-,
480,ГЗУ-34 п,1783942861.508,Stop,Srp,63.50561469940906,63.53994125961345,,,-,
482,ГЗУ-34 п,1783943302.053,Running,Srp,50.40100111693946,49.778054768458766,,,-,
483,ГЗУ-34 п,1775634905.698,,Pcp,null,null,,,-,
487,ГЗУ-34 п,1783943404.045,Stop,Srp,47.004317333747565,46.92390042812015,,,-,
488,ГЗУ-34 п,1783941104.478,,Pcp,67.76321119657646,67.47582848580933,,,-,
490,ГЗУ-33а п,1783943417.138,Stop,Pcp,23.309064687727204,23.23002586585876,,,-,
491,ГЗУ-33а п,1783936806.926,,Pcp,57.19536187059598,56.9219487227324,,,-,
493,ГЗУ-33а п,1783942644.88,Running,Pcp,20.860663921055185,20.1828285083719,,,-,
494,ГЗУ-33а п,1783943194.927,Running,Pcp,39.386323426307456,38.16529762507651,,,-,
495,ГЗУ-33а п,1778735377.962,,Pcp,null,null,,,-,
496,ГЗУ-33а п,1783942695.771,Running,Pcp,44.273232614869066,44.187247906239804,,,-,
497,ГЗУ-33а п,1783942432.867,Running,Srp,27.83534374397713,27.84933562129049,,,-,
498,ГЗУ-33а п,1782007240.458,Running,Srp,null,null,,,-,
499,ГЗУ-33а п,1782698435.041,,Srp,null,null,,,-,
501,ГЗУ-33а п,1783942442.208,Running,Pcp,44.44119794420813,43.166399247608354,,,-,
511,ГЗУ-33а п,1783940209.864,,Srp,0.7897866901269784,0.7394362554737152,,,-,
514,ГЗУ-33а п,1783942296.949,Running,Pcp,2.434138729244941,2.429762427893258,,,-,
515,ГЗУ-33а п,1783942805.04,Running,Pcp,2.2159251300421454,2.227816094923625,,,-,
516,ГЗУ-33а п,1783942452.556,Stop,Srp,24.483674104733602,23.531235924712384,,,-,
517,ГЗУ-33а п,1783936817.395,Running,Pcp,0.7526179432078928,1.4845444851006413,,,-,
518,ГЗУ-33а п,1783940751.136,Running,Pcp,null,15.619828643688518,,,-,
519,ГЗУ-33а п,1783941703.301,,Pcp,44.380441749766575,44.32106471559916,,,-,
520,ГЗУ-33а п,1783940939.258,Running,Pcp,22.215342049342528,21.923925697100962,,,-,
521,ГЗУ-33а п,1777969771.754,Running,Srp,null,null,,,-,
522,ГЗУ-33а п,1778736433.289,Running,Pcp,null,null,,,-,
527,ГЗУ-34 п,1783941792.79,Running,Pcp,70.00715167113428,69.70759116923519,,,-,
528,ГЗУ-34 п,1783943128.88,Running,Pcp,38.26405004563611,38.28826813529701,,,-,
529,ГЗУ-34 п,1783941728.645,,Srp,44.36705163460358,40.11437194474627,,,-,
530,ГЗУ-34 п,1782038025.199,Running,Srp,null,null,,,-,
531,ГЗУ-34 п,1783942719.716,Running,Srp,45.71332389874859,44.75880370529317,,,-,
532,ГЗУ-34 п,1783942999.356,Running,Srp,30.50913014919436,30.587670863014665,,,-,
534,ГЗУ-33а п,1783939365.13,Running,Srp,73.08712310362291,72.59188994617632,,,-,
538,ГЗУ-33а п,1783943476.711,Stop,Srp,6.721639555358873,6.4841010745136,,,-,
540,ГЗУ-33а п,1783941960.093,,Srp,2.4736389942750807,2.4393624541674424,,,-,
544,ГЗУ-34 п,1783941596.528,Running,Pcp,0,0,,,-,
547,ГЗУ-33а п,1783942604.987,Stop,Pcp,85.35763414025573,68.03932585280695,,,-,
549,ГЗУ-33а п,1783943030.84,Running,Pcp,10.221165043150236,null,,,-,
557,ГЗУ-33а п,1783943191.6,Stop,Srp,25.141962833060415,25.07725286997159,,,-,
558,ГЗУ-33а п,1783942356.995,Running,Pcp,14.690998886343449,14.590595370544449,,,-,
559,ГЗУ-33а п,1783943195.952,Stop,Srp,29.269658565142187,29.085764566494262,,,-,
561,ГЗУ-33а п,1783942947.618,Stop,Srp,29.056223244154772,27.8191463559125,,,-,
562,ГЗУ-33а п,1783943238.887,,Pcp,0,0,,,-,
564,ГЗУ-34 п,1783938571.62,Running,Pcp,61.565174768405384,61.50575628104832,,,-,
565,ГЗУ-34 п,1783942477.722,,Pcp,116.61529830479287,116.66199541208981,,,-,
566,ГЗУ-34 п,1783943021.83,Running,Srp,49.488443503864396,49.487717534488986,,,-,
568,ГЗУ-33а п,1783942416.101,,Srp,58.733662540065346,58.93279288752416,,,-,
575,ГЗУ-33а п,1783942950.124,,Srp,0.9454961380914224,0.9588979790993665,,,-,
576,ГЗУ-33а п,1783943154.792,,Srp,2.6629331952959143,2.398655475775229,,,-,
578,ГЗУ-34 п,1783942688.051,,Srp,1.9724581043053637,2.0024944984192374,,,-,
581,ГЗУ-33а п,1783943121.637,Stop,Pcp,23.30817089152636,22.225344122477974,,,-,
582,ГЗУ-33а п,1783942667.656,Stop,Pcp,12.548512501301495,12.280324206643245,,,-,
591,ГЗУ-33а п,1783942659.752,,Pcp,3.4453964383656936,4.130713248691916,,,-,
598,ГЗУ-34 п,1783943365.056,Stop,Pcp,1.424026077705409,1.4356778926478417,,,-,
599,ГЗУ-34 п,1783941876.287,Running,Pcp,59.50167952710573,59.59428525507252,,,-,
600,ГЗУ-34 п,1783943060.784,Running,Pcp,40.75750933724094,40.66942278061445,,,-,
601,ГЗУ-33а п,1783943501.015,Running,Pcp,14.641049940395325,14.74479084122882,,,-,
603,ГЗУ-33а п,1783942332.74,Running,Pcp,34.121432272254765,33.966620315789456,,,-,
610,ГЗУ-33а п,1783942484.03,Running,Pcp,17.386428463137005,21.958975622462788,,,-,
612,ГЗУ-33а п,1783942982.953,Stop,Pcp,16.739663546756315,16.64086905671542,,,-,
615,ГЗУ-33а п,1783943518.253,,Pcp,0.5543222362060749,0.522595734606208,,,-,
617,ГЗУ-33а п,1783943138.923,Stop,Pcp,47.50834227360663,47.91246637623168,,,-,
619,ГЗУ-33а п,1773712843.541,,Pcp,null,null,,,-,
622,ГЗУ-33а п,1783943316.834,,Pcp,66.22643987907189,75.66104055458759,,,-,
627,ГЗУ-33а п,1783943293.105,Stop,Pcp,10.27910774179343,12.228666740161163,,,-,
628,ГЗУ-33а п,1783943105.769,Running,Pcp,8.824987435903365,8.798347942020612,,,-,
629,ГЗУ-33а п,1783938131.148,Running,Pcp,33.30048449122976,32.58374066662021,,,-,
630,ГЗУ-33а п,1783943276.086,Running,Pcp,59.948922373966816,58.34322267869401,,,-,
631,ГЗУ-33а п,1783942665.49,,Pcp,6.589427706703368,6.6752868713990425,,,-,
632,ГЗУ-33а п,1783942909.838,,Srp,29.248950352820806,29.278998838549523,,,-,
634,ГЗУ-33а п,1783942174.955,Running,Srp,13.332333745425279,12.63540283452959,,,-,
661,ГЗУ-12 ввг,1783941022.311,Stop,Pcp,null,36.87408770881061,,,-,
662,ГЗУ-12 ввг,1780033880.58,Running,Srp,null,null,,,-,
677,ГЗУ-1 ввг,1783943130.272,Stop,Srp,4.0148158644593614,4.0678865079142055,,,-,
678,ГЗУ-1 ввг,1783942038.425,Stop,Pcp,25.099746056776382,25.02965720878006,,,-,
681,ГЗУ-1 ввг,1783926446.952,Stop,Srp,16.86866060880495,null,,,-,
682,ГЗУ-1 ввг,1783942577.649,Stop,Srp,21.341081090708265,20.204911905982307,,,-,
685,ГЗУ-5 ввг,1783943001.478,,Pcp,3.8300861299513222,3.855390359208237,,,-,
688,ГЗУ-5 ввг,1783940347.949,Running,Srp,38.74694690189157,38.20924265012503,,,-,
690,ГЗУ-5 ввг,1779933642.541,Stop,Srp,null,null,,,-,
691,ГЗУ-5 ввг,1783940629.536,Running,Pcp,0,null,,,-,
692,ГЗУ-5 ввг,1776532572.976,Stop,Srp,null,null,,,-,
693,ГЗУ-5 ввг,1783942496.732,,Pcp,9.973497581745864,10.131530218031195,,,-,
697,ГЗУ-5 ввг,1783942576.589,,Pcp,20.22126919929992,20.48116368711956,,,-,
699,ГЗУ-1 ввг,1778901913.294,Stop,Pcp,null,null,,,-,
701,ГЗУ-5 ввг,1783943079.251,,Pcp,23.771698333764846,23.756396767800414,,,-,
705,ГЗУ-5 ввг,1783942428.746,Stop,Pcp,30.182593261124964,29.706795711893488,,,-,
706,ГЗУ-5 ввг,1780039084.168,,Srp,null,null,,,-,
707,ГЗУ-5 ввг,1779242443.967,Running,Pcp,null,null,,,-,
708,ГЗУ-5 ввг,1783941143.321,Stop,Pcp,0,0,,,-,
709,ГЗУ-5 ввг,1782035692.855,Stop,Pcp,null,null,,,-,
711,ГЗУ-5 ввг,1783943274.1,Running,Srp,13.876653501334557,13.883141624569937,,,-,
715,ГЗУ-1 ввг,1783941139.768,Running,Srp,9.094001189281048,9.31126232846986,,,-,
719,ГЗУ-5 ввг,1783943339.391,,Pcp,9.125197270895104,9.145841366317491,,,-,
720,ГЗУ-5 ввг,1783943007.109,,Pcp,14.029042206746148,14.069631922227133,,,-,
721,ГЗУ-5 ввг,1783941110.64,,Srp,23.806401010566884,23.549008918615684,,,-,
722,ГЗУ-5 ввг,1783943105.854,Running,Srp,16.990718424844612,16.756164351208188,,,-,
723,ГЗУ-5 ввг,1783943363.492,,Srp,1.3188038318761022,1.3420830910485742,,,-,
724,ГЗУ-5 ввг,1783942469.905,Stop,Srp,14.59363447920245,14.705778045095046,,,-,
725,ГЗУ-5 ввг,1783925990.985,Stop,Srp,12.759822192249258,null,,,-,
726,ГЗУ-5 ввг,1783942945.983,Stop,Pcp,13.572428127706933,12.952807474130791,,,-,
730,ГЗУ-1 ввг,1783940718.326,Stop,Pcp,21.432939433033443,21.867491598728904,,,-,
735,ГЗУ-5 ввг,1783943311.355,Running,Srp,24.442841122851092,24.566478273443764,,,-,
736,ГЗУ-5 ввг,1783942476.723,Running,Srp,26.509729952168282,25.744666299599515,,,-,
737,ГЗУ-5 ввг,1783943396.562,Running,Srp,18.32337307216238,18.40440139908997,,,-,
738,ГЗУ-5 ввг,1783942468.473,,Pcp,0,null,,,-,
739,ГЗУ-5 ввг,1783942490.417,,Srp,16.901920743601735,16.729785987833168,,,-,
740,ГЗУ-5 ввг,1783943403.33,Stop,Srp,41.759215437275095,41.79891967569076,,,-,
741,ГЗУ-5 ввг,1783943174.855,Running,Pcp,34.78073797360013,35.2449111838163,,,-,
749,ГЗУ-12а ввг,1783943402.729,,Pcp,26.459960317324978,29.29187877575587,,,-,
750,ГЗУ-12а ввг,1783943181.435,,Pcp,36.19381399336801,36.1608151960314,,,-,
752,ГЗУ-5 ввг,1778292035.654,,Pcp,null,null,,,-,
753,ГЗУ-5 ввг,1783940262.863,Stop,Pcp,9.442180498405987,9.554078029854207,,,-,
755,ГЗУ-5 ввг,1783942003.088,,Pcp,0,0,,,-,
756,ГЗУ-5 ввг,1783942357.81,Stop,Srp,20.660837499400056,21.926366407339984,,,-,
757,ГЗУ-5 ввг,1783943155.375,Stop,Pcp,42.325443191628814,42.26769760886569,,,-,
758,ГЗУ-5 ввг,1783943124.471,Stop,Pcp,27.96919208251924,27.828141045577198,,,-,
761,ГЗУ-12а ввг,1783943063.682,Stop,Pcp,14.544153179562317,14.63962409182329,,,-,
765,ГЗУ-5 ввг,1783943023.862,,Pcp,17.879385416975477,17.99972541106428,,,-,
766,ГЗУ-5 ввг,1783940746.767,Stop,Pcp,9.315968293017466,9.353973029240118,,,-,
767,ГЗУ-5 ввг,1783941879.516,,Srp,34.631272689130554,34.72788705485554,,,-,
768,ГЗУ-5 ввг,1783943374.809,,Srp,30.991367084216293,30.859075400543606,,,-,
769,ГЗУ-5 ввг,1783943513.049,Stop,Pcp,6.110950289398196,5.8133428271820105,,,-,
770,ГЗУ-5 ввг,1783942357.133,Stop,Srp,34.73847857941197,34.596485953686646,,,-,
771,ГЗУ-5 ввг,1783942945.388,Stop,Pcp,37.103314903673116,36.35176430759123,,,-,
772,ГЗУ-5 ввг,1783942581.507,Running,Srp,41.1224975381675,40.947061449243016,,,-,
786,ГЗУ-5 ввг,1783942547.964,Stop,Srp,41.48212802609131,41.63031072977904,,,-,
787,ГЗУ-5 ввг,1783940413.359,Stop,Srp,28.66127982097897,28.68828637825926,,,-,
789,ГЗУ-5 ввг,1783942928.222,Stop,Srp,15.294780976513874,15.254134677886166,,,-,
790,ГЗУ-5 ввг,1783943400.77,Stop,Srp,24.68890777780569,24.822195455864524,,,-,
791,ГЗУ-5 ввг,1783927560.334,Stop,Srp,32.28241717878537,null,,,-,
794,ГЗУ-12а ввг,1783943109.856,,Pcp,24.13859742281836,24.233220657021178,,,-,
798,ГЗУ-12а ввг,1783942512.519,Running,Srp,37.12120765536669,36.96419352542701,,,-,
803,ГЗУ-12а ввг,1783942576.999,Running,Srp,13.601257169790825,14.431862984151467,,,-,
805,ГЗУ-12 ввг,1783943042.832,,Pcp,4.267671691152801,4.244818371972697,,,-,
807,ГЗУ-12 ввг,1783942625.549,Stop,Pcp,27.033281794954902,26.87242729713308,,,-,
809,ГЗУ-12 ввг,1783943400.307,,Srp,0.7918316085233994,6.819138715181111,,,-,
833,ГЗУ-12 ввг,1783939922.703,Stop,Srp,31.24844556498939,30.928070683497644,,,-,
834,ГЗУ-12 ввг,1777082442.222,Stop,Pcp,null,null,,,-,
835,ГЗУ-12 ввг,1783943235.295,Running,Srp,7.421528251154686,7.610735886147299,,,-,
838,ГЗУ-12 ввг,1783943425.704,Stop,Pcp,7.650892029096973,8.334806048304861,,,-,
839,ГЗУ-12 ввг,1783942785.247,Stop,Srp,31.381004931263792,30.857941534094476,,,-,
850,ГЗУ-12 ввг,1783942323.781,Stop,Pcp,52.763046692514244,52.89426325225469,,,-,
851,ГЗУ-12 ввг,1783941993.264,Stop,Pcp,83.8906741898576,83.58427607832472,,,-,
852,ГЗУ-12 ввг,1783942838.954,Running,Pcp,29.705990930999782,28.971499768972194,,,-,
854,ГЗУ-12 ввг,1783943132.835,Stop,Srp,43.14690617224926,42.69541995578926,,,-,
856,ГЗУ-12 ввг,1783943060.554,Stop,Srp,54.24667766273498,54.03053377165717,,,-,
857,ГЗУ-12 ввг,1783943056.904,Running,Pcp,41.62650030055839,41.885954684246656,,,-,
869,ГЗУ-12а ввг,1783942814.644,,Pcp,9.40766047863171,9.585095058298782,,,-,
870,ГЗУ-12а ввг,1783942596.158,Stop,Srp,48.05992981991884,48.10784432231032,,,-,
875,ГЗУ-12 ввг,1782040865.038,Stop,Pcp,null,null,,,-,
878,ГЗУ-5 ввг,1783942643.834,Stop,Srp,40.9929422583418,40.413431739480174,,,-,
892,ГЗУ-5 ввг,1783943316.274,Stop,Srp,16.430577792435184,16.515409722600204,,,-,
893,ГЗУ-12 ввг,1777976041.419,,Pcp,null,null,,,-,
894,ГЗУ-12 ввг,1783942336.491,Stop,Pcp,22.84318691265471,22.98706856584374,,,-,
895,ГЗУ-12 ввг,1783939998.008,Stop,Pcp,29.300624783178797,29.258614813689594,,,-,
898,ГЗУ-12 ввг,1783942836.451,Stop,Pcp,19.18700073727489,19.18020851834138,,,-,
900,ГЗУ-12 ввг,1783942979.685,Stop,Srp,0,0,,,-,
903,ГЗУ-12а ввг,1782352831.93,Stop,Pcp,null,null,,,-,
910,ГЗУ-12а ввг,1783943160.668,Stop,Srp,24.0330507325089,23.874685091934253,,,-,
911,ГЗУ-12а ввг,1783942482.883,Stop,Pcp,37.54213940609045,37.55651242481865,,,-,
912,ГЗУ-12а ввг,1783941301.414,Stop,Pcp,25.457155736483095,0,,,-,
914,ГЗУ-12а ввг,1783939299.755,Running,Srp,43.65309247754836,44.187760756894875,,,-,
919,ГЗУ-12 ввг,1783943101.058,Stop,Pcp,27.489248557388123,27.321135013948442,,,-,
920,ГЗУ-12а ввг,1783942724.86,Stop,Srp,18.432454733264795,18.525803946173905,,,-,
922,ГЗУ-12а ввг,1783941581.665,Stop,Pcp,18.76060316617169,18.426435360721506,,,-,
923,ГЗУ-12а ввг,1783943490.564,,Pcp,13.855935947490272,13.816204333715229,,,-,
924,ГЗУ-12а ввг,1783942756.655,Stop,Pcp,26.128107156839352,26.162921691512715,,,-,
925,ГЗУ-12а ввг,1783943161.876,,Pcp,57.675449332238884,57.94040705823632,,,-,
927,ГЗУ-12а ввг,1783942106.221,Running,Pcp,76.73590463627754,76.95007930932309,,,-,
930,ГЗУ-12 ввг,1783942675.806,,Pcp,0,0,,,-,
931,ГЗУ-12 ввг,1783942943.908,,Pcp,3.8113298354497633,3.7538700512138066,,,-,
932,ГЗУ-12 ввг,1783942115.259,Stop,Pcp,23.053034955491214,23.446246529890434,,,-,
934,ГЗУ-12 ввг,1783942414.602,Stop,Pcp,8.746641408316934,8.782905707393537,,,-,
938,ГЗУ-12 ввг,1783942466.821,Stop,Pcp,23.682129558200998,23.841008159332333,,,-,
946,ГЗУ-34 п,1783942775.485,Stop,Pcp,28.927977924928122,28.367803808114914,,,-,
956,ГЗУ-12 ввг,1783943469.102,Stop,Srp,25.660827154822655,25.554866195661802,,,-,
957,ГЗУ-12 ввг,1783940137.063,,Pcp,69.16371597974661,68.88510696170515,,,-,
958,ГЗУ-12 ввг,1783943199.986,Stop,Pcp,48.29628191882004,47.01550264922553,,,-,
959,ГЗУ-12 ввг,1783941814.196,Stop,Srp,29.782143317013695,29.69279059457779,,,-,
961,ГЗУ-12а ввг,1783942556.173,Running,Pcp,54.381650850228574,54.77452673971244,,,-,
962,ГЗУ-12а ввг,1783943521.836,Running,Pcp,29.33022795285649,28.794441404504482,,,-,
963,ГЗУ-12а ввг,1783597869.421,Running,Pcp,null,null,,,-,
965,ГЗУ-12а ввг,1783942601.699,Running,Pcp,15.545749846707421,15.507973124096145,,,-,
967,ГЗУ-12а ввг,1783942962.37,Stop,Pcp,15.964252966466026,15.986742305986972,,,-,
970,ГЗУ-12 ввг,1783943482.395,Stop,Pcp,40.41070401815335,40.043362351053226,,,-,
971,ГЗУ-12 ввг,1783939049.562,Stop,Pcp,7.741998980854394,3.415460559418647,,,-,
973,ГЗУ-12 ввг,1783943006.986,,Pcp,27.098079889607863,25.416062227108764,,,-,
974,ГЗУ-12 ввг,1783941698.087,Stop,Pcp,23.966407787411868,23.903832287737572,,,-,
976,ГЗУ-12 ввг,1783942540.487,Running,Pcp,28.010636131156517,28.08102694043208,,,-,
988,ГЗУ-12 ввг,1783942441.376,Running,Pcp,31.215762852579992,30.763896534392124,,,-,
1010,ГЗУ-12а ввг,1779276148.826,,Pcp,null,null,,,-,
1014,ГЗУ-12 ввг,1783941799.536,Stop,Pcp,56.273002423131764,56.002625682519856,,,-,
1015,ГЗУ-12 ввг,1783943475.829,Running,Srp,32.619797397218164,32.61229942784182,,,-,
1016,ГЗУ-12а ввг,1783942465.991,,Pcp,0,0,,,-,
1022,ГЗУ-12а ввг,1783941932.132,Running,Pcp,35.43986441403138,35.335714744881216,,,-,
1023,ГЗУ-12а ввг,1783942982.829,,Pcp,1.5701429470706378,1.5915046884346746,,,-,
1025,ГЗУ-12а ввг,1783942604.379,Stop,Pcp,39.22416446291146,39.214352498678885,,,-,
1030,ГЗУ-1 ввг,1780365636.664,,Pcp,null,null,,,-,
1032,ГЗУ-1 ввг,1774959324.514,Stop,Pcp,null,null,,,-,
1034,ГЗУ-1 ввг,1783942615.69,Running,Pcp,16.79463832824172,16.735629510737162,,,-,
1049,ГЗУ-12а ввг,1783941832.1,,Pcp,8.581139377650366,null,,,-,
1053,ГЗУ-12а ввг,1783943295.292,Running,Pcp,23.33186779122876,24.140711156081096,,,-,
1055,ГЗУ-12а ввг,1780039347.121,Running,Pcp,null,null,,,-,
1056,ГЗУ-12а ввг,1783943306.846,Stop,Srp,41.11654663786205,41.77214704251088,,,-,
1059,ГЗУ-12а ввг,1783942801.28,Running,Pcp,65.70529799542719,65.46102266794033,,,-,
1061,ГЗУ-12а ввг,1783943398.959,,Pcp,3.6698280707881743,24.2449575287389,,,-,
1063,ГЗУ-12а ввг,1783942313.414,Running,Srp,27.759966548706927,27.837832452641592,,,-,
1065,ГЗУ-12а ввг,1783942681.218,,Pcp,70.41145324951374,70.297108361008,,,-,
1067,ГЗУ-12 ввг,1783941123.799,Stop,Pcp,18.86442036188818,19.363716893685574,,,-,
1069,ГЗУ-12 ввг,1781834428.024,,Pcp,null,null,,,-,
1088,ГЗУ-12 ввг,1783941567.959,Running,Srp,17.937424158409975,17.86416720956311,,,-,
1090,ГЗУ-12 ввг,1783942657.884,Stop,Srp,55.4154669113576,55.87633326463097,,,-,
1102,ГЗУ-1 ввг,1783943437.343,Running,Srp,18.988992447586465,18.916970336510307,,,-,
1104,ГЗУ-1 ввг,1783942845.949,,Pcp,37.6317193924405,37.122415735513066,,,-,
1105,ГЗУ-1 ввг,1783942369.309,Running,Srp,null,36.24375622305779,,,-,
1106,ГЗУ-1 ввг,1783940248.551,Stop,Srp,4.8924855257867454,4.926514943687946,,,-,
1107,ГЗУ-1 ввг,1783942018.165,Running,Srp,21.066622008451787,20.279889036285297,,,-,
1108,ГЗУ-1 ввг,1783942829.244,Stop,Pcp,36.66561717283567,36.555035394946536,,,-,
1109,ГЗУ-34 п,1783942791.928,,Pcp,67.8456689922456,67.70516061451079,,,-,
1110,ГЗУ-34 п,1783938212.122,Running,Pcp,77.90481124895403,77.80522472166437,,,-,
1117,ГЗУ-1 ввг,1783943244.662,Stop,Srp,19.58320602985158,19.439681769546088,,,-,
1123,ГЗУ-1 ввг,1783942461.353,,Srp,17.18019731541374,17.189915768389014,,,-,
1124,ГЗУ-1 ввг,1783940214.464,Stop,Pcp,7.779436304197594,7.785275705578485,,,-,
1126,ГЗУ-1 ввг,1783942830.579,Running,Pcp,30.717670998748357,26.58519618151941,,,-,
1127,ГЗУ-1 ввг,1783943401.574,Running,Srp,20.202337082354497,19.433012091839746,,,-,
1128,ГЗУ-1 ввг,1783943503.485,Running,Pcp,38.90466946951439,38.889858817875385,,,-,
1129,ГЗУ-34 п,1778737166.948,Stop,Pcp,null,null,,,-,
1130,ГЗУ-1 ввг,1783943044.331,Stop,Srp,25.360727088979544,25.329580627583756,,,-,
1131,ГЗУ-33а п,1783942379.055,Running,Srp,25.07056838414092,25.05223507166747,,,-,
1132,ГЗУ-33а п,1783942650.501,Running,Srp,null,30.233885546019152,,,-,
1133,ГЗУ-33а п,1783943334.71,Running,Pcp,null,15.235183969533622,0.9,1934.3,-,
1134,ГЗУ-33а п,1783941786.393,Stop,Srp,38.799134733489566,38.790107194652045,,,-,
1135,ГЗУ-33а п,1783942401.671,Running,Srp,19.295483284173365,19.072869523965696,,,-,
1136,ГЗУ-33а п,1783942953.994,Stop,Srp,25.942501677564874,25.850490632881236,,,-,
1138,ГЗУ-34 п,1783854237.765,Running,Pcp,null,null,,,-,
1139,ГЗУ-24 птв,1783942396.486,Stop,Pcp,81.86380199790045,81.63569955430901,,,-,
1140,ГЗУ-24 птв,1783943456.081,Running,Srp,38.71166048706088,38.76499387764916,,,-,
1141,ГЗУ-24 птв,1783943381.54,,Pcp,18.73254034150249,18.82076831321687,,,-,
1145,ГЗУ-34 п,1783942596.091,Running,Pcp,10.908274333260621,56.9167111176381,,,-,
1146,ГЗУ-34 п,1783824060.96,Running,Pcp,null,null,,,-,
1149,ГЗУ-34 п,1783943337.138,Stop,Pcp,10.13853702399303,10.03184140195018,,,-,
1152,ГЗУ-34 п,1781056832.445,,Pcp,null,null,,,-,
1153,ГЗУ-33а п,1783942017.52,Running,Srp,26.273202534905558,26.47954213634986,,,-,
1158,ГЗУ-34 п,1778735969.065,Running,Pcp,null,null,,,-,
1161,ГЗУ-33а п,1783943442.944,Running,Srp,17.503632925394193,17.38019811722678,,,-,
1166,ГЗУ-9 птв,1783943150.337,Running,Srp,55.08709816957195,54.81562982480369,,,-,
1167,ГЗУ-9 птв,1783943303.416,Running,Pcp,60.89358625102134,60.84709161219259,,,-,
1169,ГЗУ-9 птв,1783943492.096,Running,Srp,39.12848971016899,39.15634641193358,,,-,
1171,ГЗУ-11 птв,1779932640.683,Running,Pcp,null,null,,,-,
1172,ГЗУ-11 птв,1783942761.394,,Srp,42.46496860465481,39.90527776774178,,,-,
1173,ГЗУ-11 птв,1783942056.191,Running,Srp,14.923702967267602,null,,,-,
1174,ГЗУ-11 птв,1783942722.476,Running,Srp,52.88905086820769,50.824244266682335,,,-,
1175,ГЗУ-11 птв,1783939752.698,Running,Pcp,43.60875468104355,43.43292158177271,,,-,
1177,ГЗУ-18 птв,1783942664.06,Running,Srp,8.021987976495048,7.93100101546069,,,-,
1178,ГЗУ-18 птв,1777020876.993,Running,Pcp,null,null,,,-,
1179,ГЗУ-18 птв,1783943132.033,Stop,Pcp,19.39078367877857,19.42142326051756,,,-,
1180,ГЗУ-18 птв,1783942336.095,,Pcp,62.386734107015506,62.2323318901965,,,-,
1181,ГЗУ-18 птв,1783943118.424,,Srp,10.062040962833642,9.951577839449007,,,-,
1182,ГЗУ-18 птв,1783943201.538,Running,Pcp,17.165686165861302,17.290987421954515,,,-,
1183,ГЗУ-18 птв,1783938311.573,Running,Pcp,null,null,,,-,
1185,ГЗУ-19 птв,1783592974.594,,Srp,null,null,,,-,
1186,ГЗУ-19 птв,1783942752.23,Running,Pcp,2.1651306106425365,2.1849769905538703,,,-,
1187,ГЗУ-19 птв,1783941775.158,Running,Pcp,24.959594938231852,25.796120062971895,,,-,
1188,ГЗУ-19 птв,1783942811.66,Running,Pcp,39.33815213035988,39.711069606769044,,,-,
1189,ГЗУ-19 птв,1783941530.347,Running,Pcp,41.37804225074363,41.39662792244079,,,-,
1190,ГЗУ-19 птв,1783943366.104,Running,Pcp,0,0,,,-,
1191,ГЗУ-19 птв,1783942736.402,Stop,Srp,25.03076827768057,26.86623510770422,,,-,
1192,ГЗУ-19 птв,1783940383.883,,Pcp,5.036191716621467,4.345166081839097,,,-,
1195,ГЗУ-27 п,1783942108.1,Running,Srp,11.802552269685563,12.03549096936771,,,-,
1196,ГЗУ-27 п,1783941964.197,Stop,Srp,25.991076949409837,25.986926956128045,,,-,
1201,ГЗУ-27 п,1783943440.048,Running,Pcp,1.851939739403081,1.8522081607337824,,,-,
1202,ГЗУ-27 п,1783943017.369,Running,Srp,34.42836660543926,33.94842544225158,,,-,
1206,ГЗУ-27 п,1783942431.12,Running,Srp,15.464412575979377,15.463444128534706,,,-,
1208,ГЗУ-27а п,1783943203.925,,Pcp,2.7886618347275114,2.905180183083743,,,-,
1209,ГЗУ-30а п,1783912558.192,,Srp,4.724682710016091,null,,,-,
1212,ГЗУ-11 птв,1783942828.172,Running,Pcp,27.55520120084716,29.234087634484773,,,-,
1213,ГЗУ-11 птв,1783941764.38,Running,Pcp,20.43528622773763,20.498272816236813,,,-,
1214,ГЗУ-11 птв,1780279235.342,,Srp,null,null,,,-,
1217,ГЗУ-18 птв,1783943298.97,Running,Pcp,18.628536736707662,10.736553567426036,,,-,
1219,ГЗУ-18 птв,1783943371.923,,Pcp,1.9050156402464824,1.798105749590773,,,-,
1220,ГЗУ-18 птв,1783937988.987,,Pcp,2.4877742507417806,2.380035817015911,,,-,
1222,ГЗУ-18 птв,1783943475.76,Running,Srp,11.763155076193284,11.510279502026872,,,-,
1223,ГЗУ-18 птв,1783942788.747,Running,Srp,29.147847517476706,29.01531815718687,,,-,
1224,ГЗУ-19 птв,1783942370.468,Running,Srp,28.21940218766081,28.076271254948086,,,-,
1225,ГЗУ-19 птв,1783943393.537,,Srp,19.661207754026098,19.265944888358217,,,-,
1226,ГЗУ-19 птв,1783942679.216,,Srp,49.783914543722084,49.30724826703017,,,-,
1228,ГЗУ-19 птв,1783942448.645,,Srp,28.689411293311746,28.573687365648503,,,-,
1229,ГЗУ-19 птв,1783942021.236,Running,Srp,5.929806923119024,5.686383162379231,,,-,
1233,ГЗУ-27 п,1783943330.635,Running,Srp,15.363164612572946,15.347607263225317,,,-,
1235,ГЗУ-27 п,1783942646.979,,Srp,52.258056025006404,52.189429880665834,,,-,
1236,ГЗУ-27 п,1783942828.66,,Pcp,0.8361768781931193,0.8464319903792917,,,-,
1250,ГЗУ-30а п,1783915737.177,,Srp,10.913672980392864,null,,,-,
1251,ГЗУ-30а п,1783942993.372,,Srp,15.449397812019672,null,,,-,
1252,ГЗУ-33а п,1783942830.82,Running,Srp,22.057976345576492,21.881201096823673,,,-,
1253,ГЗУ-33а п,1783943054.098,Stop,Pcp,16.081103725825525,15.666352015121337,,,-,
1255,ГЗУ-9 птв,1783943326.837,Running,Srp,26.42006690755185,26.616610457858915,,,-,
1256,ГЗУ-9 птв,1782296419.139,Stop,Srp,null,null,,,-,
1258,ГЗУ-9 птв,1783553044.916,Running,Srp,null,null,,,-,
1259,ГЗУ-11 птв,1783940687.868,Stop,Srp,18.79277863651088,18.76506457543197,,,-,
1260,ГЗУ-11 птв,1783943064.564,Running,Pcp,20.269020408808615,19.89764825580397,,,-,
1261,ГЗУ-11 птв,1783943408.629,Running,Srp,21.192058957410413,21.145237182384708,,,-,
1262,ГЗУ-11 птв,1783916047.447,,Pcp,22.830635011502874,null,,,-,
1264,ГЗУ-11 птв,1783943053.219,Running,Srp,37.4186841502793,37.30420598300593,,,-,
1265,ГЗУ-11 птв,1783942875.559,Running,Pcp,0,0,,,-,
1267,ГЗУ-17 птв,1783940666.862,Running,Srp,32.28120064197721,32.406740979406145,,,-,
1268,ГЗУ-17 птв,1783943021.528,,Pcp,61.37321129803402,60.35137502101461,,,-,
1269,ГЗУ-17 птв,1783936807.722,Stop,Pcp,77.56254510642609,77.42049067326552,,,-,
1271,ГЗУ-18 птв,1783943066.037,Running,Pcp,38.47415142062213,38.257174710620006,,,-,
1272,ГЗУ-18 птв,1783942380.034,Running,Srp,24.83834430059704,24.885576156104623,,,-,
1273,ГЗУ-18 птв,1783943507.297,,Pcp,11.425248125813338,11.512349524933438,,,-,
1275,ГЗУ-19 птв,1783942380.019,Running,Pcp,16.17915379609849,16.184987948628628,,,-,
1276,ГЗУ-19 птв,1783940876.204,Running,Pcp,55.91282836873822,55.11404410667218,,,-,
1277,ГЗУ-25 птв,1783942781.132,Running,Pcp,33.290486294482434,32.846685545018325,,,-,
1278,ГЗУ-25 птв,1783942377.192,Running,Pcp,5.631251048157431,5.679478191980477,,,-,
1279,ГЗУ-25 птв,1783942621.518,Running,Pcp,27.72396406763423,27.127475656906597,,,-,
1280,ГЗУ-25 птв,1783943450.135,Running,Srp,77.55581704661871,75.43787287190408,,,-,
1281,ГЗУ-25 птв,1783941871.727,Running,Pcp,25.586021858600773,25.653914398579147,,,-,
1285,ГЗУ-27 п,1783941838.688,,Srp,41.09215747178733,41.14868874728499,,,-,
1286,ГЗУ-27 п,1783942618.194,Running,Srp,10.65889851233149,10.827328766650757,,,-,
1288,ГЗУ-27 п,1783942772.533,Running,Pcp,10.04559587736321,9.928903009401743,,,-,
1289,ГЗУ-27 п,1783943205.114,,Pcp,0.6680764064543226,0.6594846759605644,,,-,
1290,ГЗУ-27 п,1783942534.491,Stop,Srp,25.1788880040931,25.120916929923865,,,-,
1303,ГЗУ-11 птв,1783942525.103,,Pcp,10.019148176478108,10.035384663874305,,,-,
1305,ГЗУ-11 птв,1783940582.301,,Pcp,1.2540039541798433,1.2171408936215824,,,-,
1306,ГЗУ-11 птв,1783942760.452,Running,Srp,16.82854212921072,16.61419849618952,,,-,
1307,ГЗУ-17 птв,1783943245.624,,Pcp,1.74664818264941,1.766632669599124,,,-,
1311,ГЗУ-18 птв,1783942590.703,Running,Pcp,30.12275524945123,29.581208767031466,,,-,
1312,ГЗУ-18 птв,1783941572.656,Stop,Pcp,23.013336780625504,22.63236956982077,,,-,
1315,ГЗУ-19 птв,1783769468.533,,Pcp,null,null,,,-,
1316,ГЗУ-19 птв,1783943027.992,Running,Srp,43.83447678333838,44.82112948294728,,,-,
1317,ГЗУ-19 птв,1783852080.484,Stop,Srp,null,null,,,-,
1318,ГЗУ-25 птв,1783942040.707,Running,Srp,49.68586985073772,49.57587090586096,,,-,
1321,ГЗУ-25 птв,1783943337.679,Stop,Pcp,18.638736437997974,18.74301640663179,,,-,
1322,ГЗУ-25 птв,1777887928.516,,Srp,null,null,,,-,
1324,ГЗУ-27 п,1783942974.18,Running,Srp,37.78011684092114,37.86338133458963,,,-,
1337,ГЗУ-27а п,1783942232.99,Running,Srp,6.558736577263453,7.755023406900078,,,-,
1343,ГЗУ-32а п,1783940807.257,Running,Srp,19.85764359100006,20.93877939593289,,,-,
1346,ГЗУ-9 птв,1783942549.866,Running,Pcp,null,25.835463480848556,,,-,
1354,ГЗУ-11 птв,1783943198.796,Running,Pcp,94.02136275609234,94.04322346640843,,,-,
1356,ГЗУ-11 птв,1783940201.683,,Srp,43.29190414831901,43.116211814125236,,,-,
1358,ГЗУ-17 птв,1783943363.476,Running,Pcp,0.0017473784480407965,0,,,-,
1360,ГЗУ-17 птв,1783942672.637,Running,Srp,40.96524725379387,40.61877887061299,,,-,
1364,ГЗУ-19 птв,1783942382.008,Running,Pcp,52.32390844250134,52.47089920708281,,,-,
1366,ГЗУ-19 птв,1783943458.106,Running,Srp,35.42671955375458,34.81858802779214,,,-,
1368,ГЗУ-25 птв,1783942589.618,Running,Srp,42.87407197030562,43.087925946251545,,,-,
1370,ГЗУ-25 птв,1781229627.365,,Srp,null,null,,,-,
1372,ГЗУ-25 птв,1783938334.463,Running,Srp,null,null,,,-,
1374,ГЗУ-27 п,1783942789.823,,Srp,1.472117627825763,1.466812880983218,,,-,
1375,ГЗУ-27 п,1783943470.893,,Srp,5.942472941361693,0,,,-,
1377,ГЗУ-27 п,1783942918.664,Running,Srp,17.893912586204955,17.81737930917732,,,-,
1381,ГЗУ-27 п,1783942453.613,Running,Srp,33.93885562859322,34.10856060331238,,,-,
1385,ГЗУ-27а п,1783942604.216,Running,Srp,7.589510504428304,7.511397721128315,,,-,
1386,ГЗУ-27а п,1783942549.083,Stop,Srp,15.055306409930594,15.432906051047683,,,-,
1388,ГЗУ-27 п,1783942895.034,Stop,Srp,17.198231785267787,17.216678125063236,,,-,
1401,ГЗУ-17 птв,1783943247.638,,Pcp,32.41095645373252,32.56253777154144,,,-,
1403,ГЗУ-17 птв,1783942484.602,Running,Pcp,50.6766217624534,50.20441879326892,,,-,
1405,ГЗУ-19 птв,1783943350.839,Running,Srp,21.0619767909554,21.71915247172883,,,-,
1407,ГЗУ-19 птв,1783942816.305,Running,Srp,9.613014839879408,9.659587811019112,,,-,
1409,ГЗУ-25 птв,1783940284.545,,Srp,18.09189925407713,18.392687480639957,,,-,
1411,ГЗУ-25 птв,1783942225.517,,Srp,35.39821741584663,35.529088417336474,,,-,
1413,ГЗУ-25 птв,1783942674.746,Running,Pcp,15.633039623928502,15.236116152142335,,,-,
1425,ГЗУ-33а п,1783940988.658,Running,Srp,17.975769527028316,17.51499205871018,,,-,
1426,ГЗУ-33а п,1783943391.7,Running,Pcp,38.467749088127604,37.77607449965114,,,-,
1427,ГЗУ-33а п,1780042649.172,Running,Pcp,null,null,,,-,
1428,ГЗУ-33а п,1778736825.855,Running,Pcp,null,null,,,-,
1439,ГЗУ-9 птв,1783940317.129,Running,Pcp,25.236485000151013,25.028663855225254,,,-,
1444,ГЗУ-12 птв,1783942859.172,,Pcp,12.845284935199231,0,,,-,
1445,ГЗУ-12 птв,1783476035.423,Running,Srp,null,null,,,-,
1447,ГЗУ-12 птв,1783908037.223,Stop,Pcp,0,null,,,-,
1448,ГЗУ-12 птв,1783943246.273,Running,Pcp,72.44234920147757,72.11298288616038,,,-,
1450,ГЗУ-17 птв,1783941695.899,Running,Pcp,84.65338045288085,84.06214475361996,,,-,
1451,ГЗУ-17 птв,1780279236.537,Running,Pcp,null,null,,,-,
1452,ГЗУ-17 птв,1783943391.107,Stop,Pcp,64.6616548581144,64.4371508433456,,,-,
1453,ГЗУ-17 птв,1778205630.219,Running,Srp,null,null,,,-,
1454,ГЗУ-17 птв,1783943242.352,Running,Pcp,107.15237955241255,104.69898841953353,,,-,
1455,ГЗУ-17 птв,1783942513.714,Running,Srp,56.029633322205086,55.86928410071858,,,-,
1456,ГЗУ-17 птв,1783942496.489,Running,Pcp,69.40718513877286,69.82442272970974,,,-,
1457,ГЗУ-17 птв,1783943191.264,Running,Pcp,79.81383574937296,79.52667413268682,,,-,
1460,ГЗУ-20 птв,1783938101.157,,Srp,17.473116699818295,0,,,-,
1461,ГЗУ-25 птв,1783942636.432,Running,Pcp,58.131996420757694,57.93544033755426,,,-,
1462,ГЗУ-25 птв,1783942175.458,Stop,Srp,14.609078063184327,19.560940777922372,,,-,
1463,ГЗУ-25 птв,1783936984.026,Running,Srp,44.660801172927876,45.270710873758354,,,-,
1464,ГЗУ-25 птв,1783943342.103,Running,Srp,32.520062904165,32.15050932767882,,,-,
1465,ГЗУ-25 птв,1783942982.177,Running,Pcp,19.35962031349143,19.39479338593188,,,-,
1471,ГЗУ-34 п,1783942633.052,,Pcp,0,0,,,-,
1472,ГЗУ-33а п,1778736377.875,Stop,Pcp,null,null,,,-,
1474,ГЗУ-33а п,1783821631.35,,Pcp,null,null,,,-,
1482,ГЗУ-34 п,1783942439.078,,Pcp,56.40868203971114,56.479200398567905,,,-,
1483,ГЗУ-33а п,1783943313.905,Running,Srp,3.1312810120611574,3.134915236147797,,,-,
1489,ГЗУ-12 птв,1783943414.828,,Pcp,0,0,,,-,
1490,ГЗУ-12 птв,1783943206.202,Running,Pcp,0,0,,,-,
1491,ГЗУ-17 птв,1783942381.092,Running,Pcp,0,0,,,-,
1493,ГЗУ-17 птв,1783942294.785,Running,Srp,27.122359526741594,26.878829763176977,,,-,
1494,ГЗУ-17 птв,1783942427.088,Running,Pcp,77.06207111457334,76.0997686511491,,,-,
1495,ГЗУ-17 птв,1783938394.177,,Pcp,null,null,,,-,
1499,ГЗУ-20 птв,1783943109.731,Running,Pcp,53.04777207465641,52.79338997893054,,,-,
1500,ГЗУ-20 птв,1783942693.616,Running,Pcp,33.038433929966374,33.03379462600868,,,-,
1501,ГЗУ-20 птв,1783942745.462,Running,Pcp,0,0,,,-,
1502,ГЗУ-25 птв,1783942431.419,Running,Srp,15.977556591235663,0,,,-,
1504,ГЗУ-25 птв,1783942206.678,Running,Pcp,29.952691003969306,29.741818837201375,,,-,
1506,ГЗУ-25 птв,1783943087.533,Running,Srp,16.561951525847416,13.702723686824964,,,-,
1529,ГЗУ-33а п,1783943285.815,Running,Pcp,24.744606351295754,24.725681667915218,,,-,
1531,ГЗУ-33а п,1783942915.558,Running,Pcp,0,0,,,-,
1533,ГЗУ-9 птв,1783913604.258,Running,Pcp,0,null,,,-,
1534,ГЗУ-9 птв,1783942537.006,Running,Pcp,35.74825109738454,35.18344367986551,,,-,
1535,ГЗУ-9 птв,1783943173.362,Running,Srp,45.11344779121754,45.081233704749565,,,-,
1537,ГЗУ-12 птв,1783943139.922,Running,Srp,44.956600993784754,44.75222058156361,,,-,
1538,ГЗУ-12 птв,1783484002.821,,Pcp,null,null,,,-,
1539,ГЗУ-12 птв,1783940746.582,Running,Pcp,29.255257583380743,29.221652869870656,,,-,
1540,ГЗУ-12 птв,1782612042.063,,Pcp,null,null,,,-,
1541,ГЗУ-12 птв,1778403884.844,,Pcp,null,null,,,-,
1543,ГЗУ-12 птв,1783943079.172,,Pcp,105.02868533309423,105.32696773636317,,,-,
1544,ГЗУ-16 птв,1783943072.043,Running,Pcp,64.14662797314682,64.15792164452601,,,-,
1545,ГЗУ-16 птв,1783943302.951,Running,Pcp,111.7300769909843,111.65912017019946,,,-,
1546,ГЗУ-16 птв,1783421567.51,Running,Pcp,null,null,,,-,
1547,ГЗУ-16 птв,1780229780.469,Running,Pcp,null,null,,,-,
1548,ГЗУ-16 птв,1783942715.856,Running,Pcp,92.9918783817112,91.8662821484656,,,-,
1549,ГЗУ-16 птв,1783943386.176,Running,Srp,58.87304091213932,59.59440682537359,,,-,
1550,ГЗУ-20 птв,1783942882.999,Running,Pcp,4.457856975719,4.357895460294327,,,-,
1551,ГЗУ-20 птв,1783942268.324,,Pcp,84.46356660455037,84.33987827734832,,,-,
1553,ГЗУ-20 птв,1783942513.36,Running,Srp,58.15319925146562,0,,,-,
1554,ГЗУ-20 птв,1783943298.791,Stop,Srp,35.92222696728891,34.87145484811417,,,-,
1555,ГЗУ-25 птв,1783942995.198,Running,Pcp,111.59183723190786,107.33078280246977,,,-,
1556,ГЗУ-25 птв,1783942468.605,Running,Pcp,90.37552011160061,90.57401661310467,,,-,
1557,ГЗУ-25 птв,1783942549.01,,Srp,8.367610050367395,8.364335723967379,,,-,
1558,ГЗУ-25 птв,1783943293.279,Running,Pcp,37.516869097206055,37.69834893809894,,,-,
1559,ГЗУ-25 птв,1783942885.337,,Srp,37.67888898668172,37.78958451263319,,,-,
1561,ГЗУ-27 п,1783938397.056,,Srp,36.33401007409118,36.37668921205202,,,-,
1563,ГЗУ-27 п,1783943081.401,,Pcp,0,0,,,-,
1564,ГЗУ-27 п,1783942435.848,Running,Srp,15.101801379992471,14.97884681910646,,,-,
1566,ГЗУ-27 п,1782698435.237,Running,Pcp,null,null,0,0,-,
1568,ГЗУ-27а п,1782296358.603,,Pcp,null,null,,,-,
1570,ГЗУ-27а п,1783942861.898,Running,Srp,26.844664575768128,26.512611231047945,,,-,
1581,ГЗУ-27а п,1783942829.223,Running,Pcp,5.270131982306667,5.140204577834988,,,-,
1583,ГЗУ-12 птв,1783207425.357,,Srp,null,null,,,-,
1585,ГЗУ-12 птв,1783942337.62,,Pcp,9.422352354915047,9.709971129523067,,,-,
1586,ГЗУ-16 птв,1783942670.559,Running,Srp,6.674178291935047,6.831531912493446,,,-,
1587,ГЗУ-16 птв,1783942524.705,Stop,Pcp,25.187289499168433,25.096471309846223,,,-,
1588,ГЗУ-16 птв,1783821631.553,,Pcp,null,null,,,-,
1589,ГЗУ-16 птв,1783936806.723,,Pcp,45.675031279369556,45.025907835040606,,,-,
1590,ГЗУ-16 птв,1783943212.053,,Srp,4.036871550287776,4.094642639097049,,,-,
1591,ГЗУ-16 птв,1783943448.213,Stop,Pcp,3.757648530228281,3.621837855118986,,,-,
1592,ГЗУ-20 птв,1783942736.971,Running,Pcp,24.64640301508279,24.575897534843218,,,-,
1594,ГЗУ-20 птв,1783940644.361,,Pcp,16.477895276645715,null,,,-,
1598,ГЗУ-25 птв,1783940671.522,Running,Srp,0,0,,,-,
1599,ГЗУ-25 птв,1783942502.433,Running,Srp,27.419069554340577,27.06419765859163,,,-,
1600,ГЗУ-25 птв,1783943377.729,Running,Pcp,23.92008939976848,23.58854335203334,,,-,
1601,ГЗУ-25 птв,1773555276.444,,Srp,null,null,,,-,
1602,ГЗУ-25 птв,1783942295.165,Running,Pcp,72.94757762505849,73.49857626655361,,,-,
1624,ГЗУ-34 п,1783943001.557,Running,Pcp,42.45388637099066,41.92019964748346,,,-,
1626,ГЗУ-34 п,1783942694.642,Running,Pcp,18.209297426506815,18.31163990550749,,,-,
1627,ГЗУ-10 птв,1783943217.453,,Srp,53.579737559342945,53.33174688871727,,,-,
1628,ГЗУ-10 птв,NaN,,Srp,null,null,,,-,
1630,ГЗУ-10 птв,1783942175.596,Running,Srp,15.112696874494441,14.70960333403055,,,-,
1631,ГЗУ-10 птв,1783943113.737,Running,Pcp,64.33015769251377,64.16257991144305,,,-,
1634,ГЗУ-12 птв,1783943250.763,Running,Pcp,46.5102190654718,46.43303645573828,,,-,
1636,ГЗУ-12 птв,1783941729.828,Running,Pcp,108.14540233451339,108.28274963710271,,,-,
1637,ГЗУ-12 птв,1783942463.885,Running,Srp,47.197542782225575,46.91793042147329,,,-,
1638,ГЗУ-12 птв,1783943224.541,Running,Pcp,31.659402698982138,31.387168105852325,,,-,
1639,ГЗУ-12 птв,1783941941.429,Stop,Pcp,64.4944862814175,63.129966553801445,,,-,
1644,ГЗУ-16 птв,1783942549.688,Running,Pcp,64.19254351623603,64.54085696784674,,,-,
1645,ГЗУ-16 птв,1780230422.47,Running,Pcp,null,null,,,-,
1646,ГЗУ-16 птв,1783942569.981,Running,Pcp,75.92288356988561,75.15683434279086,,,-,
1647,ГЗУ-20 птв,1783943253.429,,Pcp,1.7306549089580836,1.7351201852562104,,,-,
1648,ГЗУ-20 птв,1777946444.123,,Pcp,null,null,,,-,
1649,ГЗУ-20 птв,1783942146.566,Running,Pcp,79.32258593381174,79.20166163544991,,,-,
1650,ГЗУ-20 птв,1780538435.467,,Pcp,null,null,,,-,
1651,ГЗУ-20 птв,1783942097.072,Running,Pcp,0,null,,,-,
1652,ГЗУ-25 птв,1783942270.484,Running,Srp,19.12209154221365,19.02770318326018,,,-,
1654,ГЗУ-25 птв,1783942802.884,,Srp,37.573554370374225,33.0569569186106,,,-,
1656,ГЗУ-25 птв,1783943437.833,,Srp,16.69398335613938,16.930030297770493,,,-,
1657,ГЗУ-25 птв,1783938509.436,Running,Srp,26.038983803567557,null,,,-,
1661,ГЗУ-27а п,1783943434.983,Running,Pcp,23.476724462314063,23.149059131012073,,,-,
1662,ГЗУ-27а п,1783942878.932,Running,Pcp,null,10.372136300709466,0.2,34.2,-,
1665,ГЗУ-27 п,1783942277.7,,Srp,42.8324886723602,43.416941393101375,,,-,
1666,ГЗУ-27а п,1783942580.675,Running,Srp,0.3158296191720966,0.2565612397657158,,,-,
1668,ГЗУ-27а п,1783943438.395,Running,Srp,21.61536012600586,21.94606902584003,,,-,
1669,ГЗУ-34 п,1783942830.884,,Pcp,81.79987671063427,82.21973887393027,,,-,
1673,ГЗУ-34 п,1783943042.262,Stop,Pcp,21.004936115777003,0,,,-,
1681,ГЗУ-32 п,1783943491.532,Running,Srp,12.7611109680885,10.378466364188272,,,-,
1685,ГЗУ-32 п,1783942789.347,Running,Srp,46.45297714396991,46.408163893172905,,,-,
1686,ГЗУ-13 птв,1783942127.778,Running,Pcp,12.870902920166918,null,,,-,
1688,ГЗУ-13 птв,1783943381.309,,Pcp,25.65211171524056,19.23031123015595,,,-,
1689,ГЗУ-32 п,1783942589.14,,Srp,37.3695158308167,37.3062074071814,,,-,
1690,ГЗУ-16 птв,1783942500.377,Running,Pcp,14.65287622456491,13.990754636669157,,,-,
1692,ГЗУ-16 птв,1783942567.354,,Pcp,6.905458277565657,7.131211650954924,,,-,
1694,ГЗУ-16 птв,1783942156.362,,Srp,11.687880638547757,11.698630097759871,,,-,
1696,ГЗУ-20 птв,1783943317.04,Running,Pcp,33.3497109852878,33.3948896932036,,,-,
1698,ГЗУ-20 птв,1783942929.353,Running,Srp,25.653636902901983,25.90731932934363,,,-,
1704,ГЗУ-25 птв,1783943509.013,Stop,Pcp,33.469508196991676,33.28382465995018,,,-,
1706,ГЗУ-25 птв,1781834429.527,Running,Pcp,null,null,,,-,
1709,ГЗУ-1 ввг,1780229977.885,Running,Srp,null,null,,,-,
1710,ГЗУ-1 ввг,1783942234.029,Running,Srp,10.170063973337765,9.733501121794308,,,-,
1715,ГЗУ-33а п,1783940552.937,Stop,Pcp,22.45140271028894,21.660060378964292,,,-,
1716,ГЗУ-33а п,1783942551.991,Running,Pcp,14.222101108664251,14.2424281365415,,,-,
1717,ГЗУ-33а п,1783942643.929,,Srp,0.5029772131583233,0.506025312619507,,,-,
1718,ГЗУ-33а п,1783941837.545,,Pcp,28.77473984835396,28.569489726324537,,,-,
1721,ГЗУ-33а п,1783943177.161,Running,Pcp,22.729209202885485,22.523232197566788,,,-,
1723,ГЗУ-33а п,1783943427.55,Stop,Pcp,8.296497930135542,8.304058194355708,,,-,
1724,ГЗУ-33а п,1783940006.429,Stop,Pcp,10.407020396038078,10.471520612021052,,,-,
1725,ГЗУ-34 п,1783943051.892,Stop,Pcp,44.92333806046975,44.81819773866535,,,-,
1728,ГЗУ-1 ввг,1780228115.995,,Pcp,null,null,,,-,
1731,ГЗУ-1 ввг,1783942574.577,Running,Pcp,39.76670913142927,39.830496426301096,,,-,
1734,ГЗУ-1 ввг,1783942363.555,Stop,Pcp,0,0,,,-,
1745,ГЗУ-1 ввг,1783942698.473,Stop,Pcp,5.9719528127004455,6.100537942370066,,,-,
1748,ГЗУ-1 ввг,1783943029.365,Stop,Pcp,52.63685180537754,54.486322367415674,,,-,
1749,ГЗУ-1 ввг,1783943302.6,Stop,Pcp,4.472615981315,4.502360662819225,,,-,
1750,ГЗУ-1 ввг,1783942406.011,Stop,Pcp,44.38361891130359,45.43977579547653,,,-,
1757,ГЗУ-34 п,1783942585.901,Stop,Pcp,60.05217400147333,59.96353950410314,,,-,
1759,ГЗУ-34 п,1783940482.768,Running,Pcp,28.916242908712466,28.76352156910584,,,-,
1760,ГЗУ-33а п,1783941593.193,,Srp,1.0285867224812277,0.9482653555282639,,,-,
1766,ГЗУ-33а п,1783942748.601,Running,Pcp,17.880037847353556,18.14779931259405,,,-,
1768,ГЗУ-33 п,1783942696.571,Running,Pcp,8.372147208900161,8.515920477253665,2.25,35.1,-,
1788,ГЗУ-1 ввг,1783942768.256,Running,Pcp,16.612277931502707,16.107266810300807,,,-,
1791,ГЗУ-1 ввг,1783940309.579,Stop,Srp,15.805344607820961,16.35404741481865,,,-,
1799,ГЗУ-13 птв,1783942632.606,Running,Srp,32.45369717672835,32.38137326831388,,,-,
1800,ГЗУ-13 птв,1783942614.466,Running,Pcp,84.27283419733274,84.28533968821428,,,-,
1801,ГЗУ-13 птв,1783940516.728,,Pcp,101.16384519688545,101.51652776932448,,,-,
1806,ГЗУ-34 п,1783942770.031,,Pcp,41.26003495061396,41.78748160527745,,,-,
1807,ГЗУ-34 п,1783943172.61,,Pcp,64.3499651453198,64.17134574886836,,,-,
1809,ГЗУ-34 п,1783942557.629,Running,Srp,19.182772460506747,32.59015810071759,,,-,
1813,ГЗУ-33а п,1780038944.12,Running,Srp,null,null,,,-,
1817,ГЗУ-21 птв,1783939842.949,Running,Pcp,21.557546791583157,21.710440111880978,,,-,
1818,ГЗУ-21 птв,1783942937.086,,Pcp,13.760990530921761,12.275589577325412,,,-,
1819,ГЗУ-21 птв,1783943229.846,Stop,Pcp,5.599610665560529,5.49978983331061,,,-,
1821,ГЗУ-24 птв,1783943158.483,Running,Pcp,74.07704912675898,74.25631925869592,,,-,
1828,ГЗУ-27а п,1783942671.649,,Srp,9.475388279177226,9.45484232118967,,,-,
1829,ГЗУ-27а п,1783942664.345,Running,Srp,25.664938491540738,25.642667094933458,,,-,
1830,ГЗУ-27а п,1783735234.626,Running,Srp,null,null,,,-,
1831,ГЗУ-27а п,1783942770.457,,Srp,47.744005024814264,48.08352932882258,,,-,
1835,ГЗУ-27а п,1783943272.352,Running,Srp,35.158297656957906,35.131135849304115,,,-,
1836,ГЗУ-27а п,1778119243.223,,Pcp,null,null,,,-,
1837,ГЗУ-27а п,1783943383.607,Running,Pcp,5.343210544461962,5.223644410954794,,,-,
1839,ГЗУ-27а п,1783943099.058,Running,Pcp,9.189648395805692,9.150164908282532,,,-,
1851,ГЗУ-13 птв,1783940111.648,Running,Pcp,8.908320737493767,9.291521630973943,,,-,
1853,ГЗУ-13 птв,1773462544.086,,Srp,null,null,,,-,
1854,ГЗУ-16 птв,1780228985.745,Running,Pcp,null,null,,,-,
1855,ГЗУ-16 птв,1783941707.857,Running,Pcp,25.169848537588987,25.59065748986321,,,-,
1861,ГЗУ-21 птв,1783942819.897,,Srp,20.55032928078999,20.733294215809863,,,-,
1863,ГЗУ-21 птв,1783942539.535,Running,Pcp,48.15358153620003,48.578426910008886,,,-,
1864,ГЗУ-21 птв,1783943466.643,,Pcp,46.9051183842064,46.315274217683125,,,-,
1865,ГЗУ-24 птв,1783942329.55,Running,Pcp,47.741418844197455,47.47697183769096,,,-,
1866,ГЗУ-24 птв,1783943279.907,Running,Srp,16.21461431403627,16.068855209881992,,,-,
1867,ГЗУ-24 птв,1783937190.239,Running,Pcp,69.55164909179094,69.10274578675694,,,-,
1868,ГЗУ-24 птв,1783942589.834,Running,Pcp,15.965234002764944,16.039632430350306,,,-,
1875,ГЗУ-27а п,1783942430.01,Running,Pcp,4.487902623016029,4.782948103075623,,,-,
1879,ГЗУ-34 п,1783943334.353,Running,Pcp,78.64780164425889,78.46005924784862,,,-,
1900,ГЗУ-10 птв,1783942978.118,Running,Srp,54.3638192637156,54.44221581124623,,,-,
1901,ГЗУ-10 птв,1783942104.204,Running,Pcp,70.43537768235595,81.08130305643412,,,-,
1903,ГЗУ-10 птв,1778736858.106,,Pcp,null,null,,,-,
1908,ГЗУ-13 птв,1783941508.848,Running,Pcp,89.2631414423033,89.16679161373631,,,-,
1909,ГЗУ-13 птв,1783941773.003,Running,Pcp,52.59005004971397,56.778110707784045,,,-,
1910,ГЗУ-13 птв,1783941471.784,Running,Srp,42.64394758185426,42.67664706196221,,,-,
1911,ГЗУ-34 п,1783943371.155,,Pcp,30.510213778808822,30.09550294032041,,,-,
1913,ГЗУ-34 п,1783942373.566,Running,Pcp,19.40782778338552,19.37831137302136,,,-,
1914,ГЗУ-34 п,1783942659.852,Running,Srp,27.95368624128031,27.879940896641305,,,-,
1915,ГЗУ-34 п,1782612042.865,Stop,Pcp,null,null,,,-,
1921,ГЗУ-16 птв,1783942434.524,,Pcp,58.8891710487951,58.52397982023227,,,-,
1922,ГЗУ-16 птв,1783942073.331,,Pcp,32.066794583326455,32.06867777766946,,,-,
1923,ГЗУ-21 птв,1783924884.624,,Pcp,50.450511584647714,null,,,-,
1925,ГЗУ-21 птв,1783942898.677,Running,Srp,34.07937366515925,34.22935236120818,,,-,
1926,ГЗУ-21 птв,1779972075.832,,Pcp,null,null,,,-,
1927,ГЗУ-21 птв,1783942364.441,Running,Srp,17.40021178100955,17.252433202126333,,,-,
1930,ГЗУ-24 птв,1783918362.196,,Pcp,null,null,,,-,
1932,ГЗУ-24 птв,1783943070.317,,Pcp,0,0,,,-,
1934,ГЗУ-24 птв,1783943072.513,Running,Pcp,15.833599416620423,15.724775375243327,,,-,
1936,ГЗУ-27а п,1783942497.438,Running,Srp,13.991131958802619,13.909671988241652,,,-,
1937,ГЗУ-27а п,1783942735.985,Running,Srp,53.07531002528388,52.28695962617261,,,-,
1942,ГЗУ-34 п,1783943463.159,Running,Srp,48.99826300255957,48.97822753456263,,,-,
1948,ГЗУ-33а п,1778730803.274,Running,Srp,null,null,,,-,
1950,ГЗУ-33а п,1783943375.076,Running,Pcp,9.207402703849377,9.325380200250287,,,-,
1961,ГЗУ-13 птв,1783943023.225,Running,Pcp,5.350167947527694,5.350801010784428,,,-,
1962,ГЗУ-13 птв,1783942693.023,,Pcp,18.52859958099824,18.41812165326367,,,-,
1964,ГЗУ-13 птв,1783941818.175,Running,Pcp,38.731386965551174,38.854620437711425,,,-,
1965,ГЗУ-16 птв,1783942596.859,Running,Pcp,13.2094631011392,12.509652299894324,,,-,
1968,ГЗУ-16 птв,1783942761.031,,Pcp,42.36762854615486,42.3964194169375,,,-,
1969,ГЗУ-16 птв,1783593032.976,,Pcp,null,null,,,-,
1970,ГЗУ-16 птв,1783943248.148,,Srp,40.3513586482689,40.27712818424018,,,-,
1976,ГЗУ-24 птв,1783942542.787,Running,Pcp,37.27832464788943,36.99988625082562,,,-,
1977,ГЗУ-24 птв,1783940623.56,Running,Pcp,41.163572211748686,40.79136027256898,,,-,
1978,ГЗУ-24 птв,1783942412.231,,Srp,15.60176411309929,15.655781506788585,,,-,
1981,ГЗУ-24 птв,1783942741.111,Running,Srp,4.1511697329278165,4.09469351124579,,,-,
2012,ГЗУ-10 птв,1783943212.551,Running,Pcp,46.27686099817115,46.35085040130142,,,-,
2013,ГЗУ-13 птв,1783943295.581,Running,Pcp,19.38546556533094,18.98819676106235,,,-,
2014,ГЗУ-13 птв,1783943210.635,,Pcp,53.21301955140986,52.95076856031298,,,-,
2015,ГЗУ-13 птв,1783942953.817,Running,Pcp,81.50032007990336,81.08141502368191,,,-,
2017,ГЗУ-13 птв,1783936807.623,Running,Srp,2.463966802829537,0,,,-,
2020,ГЗУ-16 птв,1780228071.439,Running,Pcp,null,null,,,-,
2030,ГЗУ-24 птв,1783942490.588,,Pcp,7.973715911549147,7.943029762853847,,,-,
2031,ГЗУ-24 птв,1783943283.285,Running,Pcp,23.182057115235082,23.394867841943203,,,-,
2032,ГЗУ-24 птв,1783942595.569,Stop,Pcp,20.0313296373905,19.462235742845653,,,-,
2033,ГЗУ-24 птв,1783943084.116,Running,Pcp,43.91241794056734,43.79453859139724,,,-,
2034,ГЗУ-24 птв,1783735235.722,Running,Pcp,null,null,,,-,
2036,ГЗУ-27а п,1783908036.325,Running,Pcp,0.0030838515481559857,null,,,-,
2037,ГЗУ-27а п,1783943151.967,Stop,Pcp,72.44700964965372,72.34179870082707,,,-,
2038,ГЗУ-27а п,1783941801.523,,Pcp,44.91947158919452,44.81855546424824,,,-,
2039,ГЗУ-27а п,1783943071.131,Stop,Srp,41.34069674972955,6.282645241899803,,,-,
2041,ГЗУ-27а п,1783943491.41,Running,Srp,45.03610292674591,45.042128215177,,,-,
2042,ГЗУ-27а п,1783943379.811,Running,Srp,34.48514617933615,34.82888122002803,,,-,
2046,ГЗУ-27а п,1783934988.234,,Pcp,null,null,,,-,
2047,ГЗУ-27 п,1783943004.755,,Srp,0.0007371833344822087,11.149650943181584,,,-,
2048,ГЗУ-30 п,1783940077.582,,Srp,5.157028242279148,null,,,-,
2050,ГЗУ-32 п,1783942538.652,,Pcp,4.2709123568890535,4.350608278172513,,,-,
2054,ГЗУ-32 п,1783942377.001,Running,Pcp,6.037062165053427,6.140477671541554,,,-,
2055,ГЗУ-32 п,1783941982.953,,Srp,46.01239119685296,46.864600029859844,,,-,
2058,ГЗУ-32 п,1783942977.138,Running,Pcp,7.764316811758121,5.216479124183044,,,-,
2059,ГЗУ-32 п,1783942766.232,Running,Pcp,0.012618343354795641,0,,,-,
2061,ГЗУ-31а п,1783942603.187,Stop,Pcp,9.71765790710446,9.774377496612296,,,-,
2062,ГЗУ-32 п,1783942474.574,Stop,Srp,15.213258009555938,15.410829117769135,,,-,
2081,ГЗУ-27 п,1783943137.439,,Pcp,5.415587928698166,5.369936716414832,,,-,
2082,ГЗУ-27 п,1783943138.153,,Pcp,0,0,,,-,
2083,ГЗУ-27а п,1783942975.478,,Pcp,48.90760894447693,48.87325119839628,,,-,
2095,ГЗУ-30а п,1773981142.02,,Srp,null,null,,,-,
2110,ГЗУ-10 птв,1783942406.64,Running,Pcp,35.644869146584334,64.99943736108833,,,-,
2113,ГЗУ-1 ввг,1782036490.356,,Pcp,null,null,,,-,
2117,ГЗУ-1 ввг,1783942387.841,,Srp,43.244829363052126,43.36113786774842,,,-,
2118,ГЗУ-1 ввг,1778736230.469,Stop,Pcp,null,null,,,-,
2119,ГЗУ-1 ввг,1783943265.787,Stop,Pcp,18.013030288783384,17.888718607432917,,,-,
2120,ГЗУ-1 ввг,1783134478.87,Stop,Pcp,null,null,,,-,
2122,ГЗУ-1 ввг,1783942949.856,Stop,Srp,32.0523862052204,32.362756115295234,,,-,
2125,ГЗУ-1 ввг,1783943247.979,Stop,Pcp,20.68065036817595,20.55360508094285,,,-,
2126,ГЗУ-1 ввг,1783943369.498,Running,Pcp,17.192662328650055,17.37904311041654,,,-,
2127,ГЗУ-1 ввг,1783942943.803,Stop,Pcp,25.928095468242258,26.07294081744838,,,-,
2131,ГЗУ-1 ввг,1783942054.471,Stop,Pcp,30.033360972638867,30.032250703848003,,,-,
2133,ГЗУ-1 ввг,1783943443.204,Running,Pcp,37.65395935920572,36.382077115393365,,,-,
2136,ГЗУ-1 ввг,1783942643.174,Stop,Pcp,50.30089628926451,49.9998426243053,,,-,
2140,ГЗУ-1 ввг,1780039596.2,Stop,Pcp,null,null,,,-,
2143,ГЗУ-1 ввг,1781316036.17,,Srp,null,null,,,-,
2144,ГЗУ-1 ввг,1778736108.967,Running,Pcp,null,null,,,-,
2145,ГЗУ-1 ввг,1783940967.626,Running,Srp,44.52982464318347,44.44076632091982,,,-,
2147,ГЗУ-1 ввг,1783942435.148,,Pcp,11.62829142853605,13.370440595896099,,,-,
2149,ГЗУ-1 ввг,1783936988.75,Stop,Pcp,13.147323494854055,13.063930875779853,,,-,
2150,ГЗУ-1 ввг,1783942383.292,Stop,Pcp,15.315374205605009,15.446655555512425,,,-,
2151,ГЗУ-1 ввг,1783940186.291,Stop,Pcp,46.957080182206234,46.91332589188912,,,-,
2154,ГЗУ-1 ввг,1783942727.773,Stop,Pcp,45.1828289261718,45.24561855680197,,,-,
2158,ГЗУ-1 ввг,1783942421.459,Running,Pcp,36.593560359466956,36.702127304901076,,,-,
2159,ГЗУ-1 ввг,1783941864.815,Stop,Srp,35.235023360345664,35.0727925997357,,,-,
2161,ГЗУ-1 ввг,1783941788.043,Stop,Pcp,50.09926997783762,50.09794059331424,,,-,
2163,ГЗУ-1 ввг,1783942961.249,,Pcp,9.822458466155355,10.001474828749059,,,-,
2165,ГЗУ-1 ввг,1783942445.307,Stop,Pcp,26.37799202523559,26.425987806826072,,,-,
2167,ГЗУ-1 ввг,1783941462.749,,Pcp,46.144131091574664,47.60150706627725,,,-,
2169,ГЗУ-1 ввг,1783943054.627,Stop,Pcp,2.8199871510819494,2.9106540274454242,,,-,
2171,ГЗУ-1 ввг,1783942345.669,Running,Srp,6.319015810310442,6.417469206274435,,,-,
2173,ГЗУ-1 ввг,1783940654.525,,Srp,12.857101411159704,12.54461974590832,,,-,
2174,ГЗУ-1 ввг,1783940093.658,Stop,Srp,13.872566486898906,13.81577821348744,,,-,
2175,ГЗУ-1 ввг,1783942974.502,,Srp,6.289683805002683,6.060691410256967,,,-,
2176,ГЗУ-1 ввг,1783941032.171,Stop,Pcp,36.475688617524426,36.61417815211351,,,-,
2178,ГЗУ-1 ввг,1783943397.377,Stop,Pcp,51.19008050302586,52.67592909443902,,,-,
2180,ГЗУ-1 ввг,1783942597.322,Running,Pcp,24.056524327169814,24.14648147673064,,,-,
2181,ГЗУ-1 ввг,1783941472.934,Stop,Srp,16.03343648902132,16.12686565781339,,,-,
2182,ГЗУ-1 ввг,1778983240.567,,Srp,null,null,,,-,
2188,ГЗУ-1 ввг,1783939755.354,Running,Srp,8.349903779946697,8.541057117626165,,,-,
2193,ГЗУ-1 ввг,1783942730.481,Stop,Pcp,12.443046510180217,11.311581255568303,,,-,
2194,ГЗУ-1 ввг,1783938220.198,Stop,Pcp,25.689875859225033,25.683564223319127,,,-,
2195,ГЗУ-1 ввг,1781523773.473,,Srp,null,null,,,-,
2196,ГЗУ-1 ввг,1783942883.558,,Srp,0,0,,,-,
2198,ГЗУ-1 ввг,1783940762.013,Stop,Srp,6.013017516692773,6.512081567365932,,,-,
2199,ГЗУ-1 ввг,1783941983.004,Stop,Pcp,12.514462682187578,12.128316395644553,,,-,
2200,ГЗУ-1 ввг,1783942372.696,Stop,Pcp,7.83079733150819,7.7368166582381015,,,-,
2202,ГЗУ-1 ввг,1783940040.731,Stop,Srp,59.42792515103927,58.65047638677361,,,-,
2205,ГЗУ-1 ввг,1783942756.537,,Srp,36.3419054588385,36.41057480712476,,,-,
2207,ГЗУ-1 ввг,1783942803.337,Stop,Srp,29.270311758643956,29.632110120479076,,,-,
2208,ГЗУ-1 ввг,1783942510.998,,Pcp,null,21.123270465429098,,,-,
2210,ГЗУ-1 ввг,1783943353.187,,Pcp,20.12960401211376,20.0505817800053,,,-,
2213,ГЗУ-1 ввг,1778736557.625,Running,Srp,null,null,,,-,
2214,ГЗУ-1 ввг,1783941808.378,Running,Srp,6.721320949440189,6.678067046096332,,,-,
2215,ГЗУ-1 ввг,1783942685.996,,Srp,42.30067071336482,42.00422428863979,,,-,
2216,ГЗУ-1 ввг,1783943249.956,,Pcp,35.52028443553894,34.76443766356512,,,-,
2218,ГЗУ-1 ввг,1783942380.077,Stop,Pcp,31.131368049206998,29.862233241961615,,,-,
2219,ГЗУ-1 ввг,1783942303.6,Stop,Pcp,42.16062246314771,42.18422028849181,,,-,
2220,ГЗУ-1 ввг,1783941885.544,,Pcp,6.057915254917482,6.038571658501977,,,-,
2221,ГЗУ-1 ввг,1783942052.401,Stop,Pcp,24.712683268432205,24.544018678673247,,,-,
2228,ГЗУ-5 ввг,1783942211.162,Stop,Pcp,11.277951082951802,12.533348456946348,,,-,
2230,ГЗУ-5 ввг,1783943382.114,Stop,Pcp,42.20035582334974,41.94634176030622,,,-,
2234,ГЗУ-5 ввг,1782041183.252,Running,Pcp,null,null,,,-,
2239,ГЗУ-5 ввг,1783942451.537,Stop,Pcp,22.627501404672476,21.85317336796799,,,-,
2243,ГЗУ-5 ввг,1783942685.595,,Pcp,10.854885126582584,10.085652191185513,,,-,
2245,ГЗУ-5 ввг,1783942440.386,Stop,Pcp,1.8402642332957813,1.8358429373930032,,,-,
2246,ГЗУ-5 ввг,1783941684.12,,Pcp,19.479669849903246,19.433248698780837,,,-,
2247,ГЗУ-5 ввг,1783942803.83,,Pcp,11.060324722652314,11.006983275711901,,,-,
2249,ГЗУ-5 ввг,1780229828.948,Running,Pcp,null,null,,,-,
2250,ГЗУ-5 ввг,1783943143.715,Stop,Pcp,12.237009597043365,12.239548538074333,,,-,
2252,ГЗУ-5 ввг,1776204667.04,Running,Pcp,null,null,,,-,
2256,ГЗУ-5 ввг,1783942520.898,,Pcp,23.65421621355038,22.175719867595298,,,-,
2261,ГЗУ-5 ввг,1783943377.032,,Pcp,8.592312328933106,8.53908776640311,,,-,
2263,ГЗУ-5 ввг,1783943174.584,Stop,Pcp,19.712194768023515,19.780591134242,,,-,
2266,ГЗУ-5 ввг,1783942439.817,Running,Srp,33.25699449013679,33.32083413017963,,,-,
2267,ГЗУ-5 ввг,1783942363.464,Stop,Pcp,22.83435478837445,22.872028896481336,,,-,
2268,ГЗУ-5 ввг,1783942732.973,Running,Pcp,40.50095703018207,35.02899774888517,,,-,
2269,ГЗУ-5 ввг,1783942430.731,Stop,Pcp,10.156998451070582,10.113610101711162,,,-,
2270,ГЗУ-5 ввг,1783943520.379,Running,Pcp,19.92802213966487,20.645593864615424,,,-,
2272,ГЗУ-5 ввг,1783942732.391,,Pcp,0,null,,,-,
2273,ГЗУ-5 ввг,1783941609.184,,Srp,5.898017883577399,6.028925833183801,,,-,
2275,ГЗУ-5 ввг,1782042224.515,,Pcp,null,null,,,-,
2276,ГЗУ-5 ввг,1778738221.81,Stop,Pcp,null,null,,,-,
2278,ГЗУ-5 ввг,1783943233.867,Stop,Pcp,7.1112647725184095,7.475269228110789,,,-,
2280,ГЗУ-5 ввг,1783940144.995,Stop,Srp,12.175139017004671,12.140076756117715,,,-,
2282,ГЗУ-5 ввг,1783942445.111,Stop,Pcp,31.49238546892421,31.413545855498406,,,-,
2287,ГЗУ-5 ввг,1783941357.895,Stop,Srp,8.565807308091637,8.510427447099904,,,-,
2288,ГЗУ-5 ввг,1783942619.955,,Pcp,4.374234972383626,4.3765451623039215,,,-,
2291,ГЗУ-5 ввг,1783942658.756,Stop,Srp,33.12338584259704,32.95496104699572,,,-,
2292,ГЗУ-5 ввг,1783942132.813,Stop,Srp,12.590948506924168,12.451587414209946,,,-,
2293,ГЗУ-5 ввг,1783942667.565,,Pcp,30.11969364750238,30.07349096882529,,,-,
2294,ГЗУ-5 ввг,1783943125.646,Stop,Pcp,73.40012361710083,73.21067969487096,,,-,
2295,ГЗУ-5 ввг,1783943102.15,Stop,Pcp,22.323978190955913,22.21200752175899,,,-,
2296,ГЗУ-5 ввг,1783943170.968,Stop,Pcp,45.29673668215254,45.400747207059965,,,-,
2297,ГЗУ-5 ввг,1783942193.5,Stop,Pcp,34.79082816753548,58.525813868706315,,,-,
2298,ГЗУ-5 ввг,1783942496.658,Stop,Srp,17.498532297866664,17.64008290333939,,,-,
2299,ГЗУ-5 ввг,1783943041.214,Stop,Pcp,70.3975145819227,72.06402288901403,,,-,
2300,ГЗУ-5 ввг,1783943308.575,Stop,Srp,16.551766214811543,16.53123617500432,,,-,
2301,ГЗУ-13 птв,1783937953.171,Stop,Pcp,5.098442466174291,5.178591536778837,,,-,
2302,ГЗУ-13 птв,1783942908.867,Running,Pcp,14.251512546748623,13.044253864434527,,,-,
2305,ГЗУ-13 птв,1783940518.279,Running,Pcp,31.26181105460918,26.219138031727372,,,-,
2317,ГЗУ-21 птв,1783943309.427,,Pcp,12.213788042578269,12.18914813342565,,,-,
2318,ГЗУ-21 птв,1783943480.829,Running,Pcp,101.29243304794525,101.72542704809396,,,-,
2320,ГЗУ-21 птв,1783506992.709,,Pcp,null,null,,,-,
2325,ГЗУ-27 п,1778400026.117,,Pcp,null,null,,,-,
2349,ГЗУ-13 птв,1783941850.997,,Pcp,9.475876798345116,9.459105215139845,,,-,
2400,ГЗУ-10 птв,1783943041.42,Running,Pcp,6.7689021087310595,5.130908731062889,,,-,
2402,ГЗУ-10 птв,1783936807.626,Running,Pcp,8.787680679271007,8.511840336433954,,,-,
2405,ГЗУ-10 птв,1783943276.487,Stop,Pcp,37.48002493881589,36.881850115751796,,,-,
2407,ГЗУ-10 птв,1783943056.49,Running,Pcp,34.91072384956484,34.80198000668204,,,-,
2409,ГЗУ-10 птв,1783942726.432,Running,Pcp,63.087434154660606,62.759999163628585,,,-,
2422,ГЗУ-21 птв,1783943017.33,,Pcp,73.19477336324475,73.35925649010682,,,-,
2446,ГЗУ-10 птв,1783942970.809,Running,Pcp,40.694102446074886,40.74571987180705,,,-,
2447,ГЗУ-10 птв,1783943346.93,,Pcp,70.1286340181486,73.81919593454896,,,-,
2449,ГЗУ-21 птв,1783943034.169,Running,Pcp,79.6040075800611,79.75319152792939,,,-,
2450,ГЗУ-21 птв,1783942861.625,Stop,Pcp,46.713389579051366,46.81334996888411,,,-,
2452,ГЗУ-21 птв,1783943388.546,Running,Pcp,54.01068185873467,54.637709348445746,,,-,
2482,ГЗУ-27а п,1783942014.424,Stop,Pcp,9.63561776202408,48.695522898070195,,,-,
2486,ГЗУ-32 п,1775904582.426,,Pcp,null,null,,,-,
2488,ГЗУ-32 п,1783941773.629,,Pcp,63.41056795679829,65.62455516796182,,,-,
2492,ГЗУ-21 птв,1783942364.91,Running,Pcp,89.63835110940903,89.7473836771916,,,-,
2495,ГЗУ-27а п,1783943121.562,,Pcp,66.60589400970564,66.09213735718919,,,-,
2497,ГЗУ-27 п,1783942729.565,,Pcp,7.758715483510164,7.316376992252334,,,-,
2498,ГЗУ-21 птв,1783942198.214,,Pcp,10.327116674739003,10.335933716368109,,,-,
2511,ГЗУ-27а п,1783130426.735,,Pcp,null,null,,,-,
2539,ГЗУ-27а п,1783942434.084,,Pcp,38.40143009620116,38.612059158081784,,,-,
2541,ГЗУ-27 п,1783942470.715,,Pcp,48.436664995793855,44.4923314772717,,,-,
2542,ГЗУ-27а п,1783942227.648,,Pcp,0.03347124041919912,0.07432250609082486,,,-,
2545,ГЗУ-27 п,1783941853.691,,Pcp,30.11899675056652,28.458444852047034,,,-,
2547,ГЗУ-27 п,1783942558.933,,Pcp,11.762599306428372,11.36773313005507,,,-,
2551,ГЗУ-27 п,1783942937.504,,Pcp,14.745801271248995,79.64165354167993,,,-,
2554,ГЗУ-32 п,1783943402.031,,Pcp,17.152316257073025,16.80885992495618,,,-,
2558,ГЗУ-33 п,1783943426.713,Running,Srp,17.803119869798543,17.809793739918,,,-,
2560,ГЗУ-33 п,1783942760.835,Stop,Srp,23.902048114650317,22.95149821067815,,,-,
2562,ГЗУ-33 п,1783940737.97,Running,Srp,13.759916694961674,13.733890005186687,,,-,
2597,ГЗУ-33 п,1783943082.164,Running,Pcp,11.7555301878572,11.789084443492127,,,-,
2605,ГЗУ-33 п,1783942686.933,Running,Srp,24.92064490591293,24.920057815477108,,,-,
2613,ГЗУ-33 п,1783941282.934,Running,Srp,3.6857913877246813,3.6737774953006204,,,-,
2616,ГЗУ-33 п,1782035150.246,Running,Pcp,null,null,,,-,
2617,ГЗУ-33 п,1783943050.274,Running,Srp,38.78433377372296,32.14372418286849,,,-,
2621,ГЗУ-33 п,1783941132.335,Stop,Srp,23.152195357025928,24.53613282840696,,,-,
2630,ГЗУ-33 п,1783943047.78,Stop,Pcp,26.1606185708488,26.21346578299864,,,-,
2633,ГЗУ-33 п,1783941439.186,Running,Pcp,36.637210183830675,36.13883644719489,,,-,
2636,ГЗУ-33 п,1783918304.837,Running,Pcp,0,null,,,-,
2638,ГЗУ-33 п,1783942732.798,Running,Pcp,32.606115135907324,32.213449724013664,,,-,
2639,ГЗУ-33 п,1783942450.035,,Pcp,47.90202889411568,47.845506199182886,,,-,
2641,ГЗУ-33 п,1783942384.347,Running,Srp,9.619122323723008,9.868163715030215,,,-,
2643,ГЗУ-33 п,1783940356.783,Running,Pcp,51.7189056487228,51.71081790679071,,,-,
2647,ГЗУ-11 птв,1783942365.608,Running,Pcp,53.658174592143226,53.55797002389236,,,-,
2649,ГЗУ-11 птв,1783942780.617,Running,Pcp,41.843904057207816,41.830305286321206,,,-,
2650,ГЗУ-33 п,1783942433.764,Running,Pcp,16.071554008438422,16.57054922369102,,,-,
2651,ГЗУ-11 птв,1780289044.135,Running,Pcp,null,null,,,-,
2652,ГЗУ-33 п,1783942968.769,Running,Pcp,3.8457983663788324,3.6645123033189666,3.17,32.8,-,
2674,ГЗУ-30а п,1783937125.152,,Pcp,6.340652048492903,6.390001735713298,,,-,
2675,ГЗУ-30а п,1783940172.346,,Srp,11.90858610702574,12.001541049851436,,,-,
2676,ГЗУ-30а п,1783648824.323,,Srp,null,null,,,-,
2677,ГЗУ-30а п,1783936057.62,Running,Srp,null,null,,,-,
2678,ГЗУ-31 б п,1783937127.313,,Srp,7.764112753245454,7.778279241620639,,,-,
2679,ГЗУ-31 б п,1783130426.538,Stop,Srp,null,null,,,-,
2680,ГЗУ-31 б п,1783942287.05,Running,Srp,10.266959909361718,13.05916915297255,,,-,
2681,ГЗУ-31 б п,1783941150.519,Running,Srp,6.309247669483557,7.817059260282316,,,-,
2682,ГЗУ-31 б п,1783941320.987,,Srp,32.6982788139762,32.67794633537956,,,-,
2685,ГЗУ-31 б п,1783942679.968,Stop,Srp,52.33000913264495,53.39463729980134,,,-,
2691,ГЗУ-30 п,1783941787.499,,Srp,3.922470902454672,3.923751902907993,,,-,
2692,ГЗУ-30б п,1783940853.531,,Srp,8.458928787730937,8.455914367023404,,,-,
2693,ГЗУ-30б п,1783943355.862,,Srp,11.000900154951532,11.018011464584703,,,-,
2695,ГЗУ-30б п,1783936807.323,Running,Srp,37.41802416594669,36.043383551655786,,,-,
2697,ГЗУ-31 б п,1783942983.85,Stop,Srp,32.35379561998506,32.262425995495704,,,-,
2699,ГЗУ-31 б п,1783943339.837,,Srp,19.009806401527424,19.023226112114212,,,-,
2700,ГЗУ-32а п,1783941861.274,,Pcp,13.467932918764895,13.99386765419978,,,-,
2702,ГЗУ-32а п,1783942800.691,Stop,Pcp,15.5350360432329,14.995021238459596,1.51,32.3,-,
2705,ГЗУ-30а п,1783942565.273,Stop,Pcp,11.527161930019355,8.054492236409901,15.68,0,-,
2706,ГЗУ-30а п,1783940694.027,Running,Srp,16.089394204383737,16.3656342027026,2.07,36.9,-,
2710,ГЗУ-32 п,1783943117.752,,Pcp,6.739963515078089,6.905845783366413,,,-,
2714,ГЗУ-32а п,1783941778.628,,Srp,6.514553890256869,6.662350652409481,,,-,
2715,ГЗУ-30а п,1783938809.126,,Srp,2.978510512207468,2.926600491894069,,,-,
2722,ГЗУ-32 п,1783943186.588,Running,Srp,2.9361103722039346,2.1268184398824532,,,-,
2727,ГЗУ-32а п,1783942844.175,Stop,Pcp,1.8725995430486362,1.839109912303012,,,-,
2729,ГЗУ-32а п,1783919216.273,,Pcp,0,null,,,-,
2730,ГЗУ-32 п,1783940665.675,Running,Srp,17.53181958503255,17.698472928463293,,,-,
2731,ГЗУ-31а п,1783943490.929,,Pcp,23.92784594956005,23.892436579547997,,,-,
2732,ГЗУ-32а п,1783941881.073,,Srp,21.234300146701337,21.264781193352196,,,-,
2733,ГЗУ-31а п,1783936806.723,,Pcp,1.729335822583943,1.7713100541146092,,,-,
2735,ГЗУ-31а п,1783936807.227,Stop,Pcp,69.02170245094683,68.86853770172603,,,-,
2739,ГЗУ-31а п,1783943432.844,,Pcp,6.042963511796462,5.7856865617875135,,,-,
2746,ГЗУ-32 п,1783943074.308,,Srp,18.839351962638247,18.80628941303627,,,-,
2748,ГЗУ-32 п,1783940219.574,Running,Srp,46.44933314467065,46.961467365452286,,,-,
2750,ГЗУ-32 п,1783943248.057,Stop,Srp,15.65969746683424,12.23813411874537,,,-,
2752,ГЗУ-32 п,1783942714.221,Stop,Srp,19.90714376696855,19.465228886965598,,,-,
2753,ГЗУ-32 п,1783943321.019,Stop,Srp,7.898532503030731,7.85033044496274,,,-,
2754,ГЗУ-32 п,1783943319.654,Running,Srp,18.20542436432895,18.199016140254404,,,-,
2756,ГЗУ-32 п,1783943327.439,Stop,Srp,0,0,,,-,
2757,ГЗУ-32 п,1775904613.64,,Srp,null,null,,,-,
2760,ГЗУ-32а п,1783942513.808,,Pcp,32.73441802673328,56.257849106906235,,,-,
2761,ГЗУ-32а п,1783942786.059,,Pcp,0,null,,,-,
2762,ГЗУ-32а п,1783938781.257,Running,Srp,27.82970899986363,28.06207610049132,,,-,
2765,ГЗУ-32а п,1783942516.463,,Srp,17.409969301241013,14.440269561579406,,,-,
2766,ГЗУ-32а п,1778724029.642,Running,Pcp,null,null,,,-,
2767,ГЗУ-32а п,1783943469.331,Stop,Pcp,62.745001577663636,62.25784983556868,,,-,
2768,ГЗУ-32а п,1783942818.496,Running,Srp,19.916847127816226,19.92967696547899,,,-,
2791,ГЗУ-32 п,1783943485.66,Running,Srp,12.206310239702026,12.073438682161708,,,-,
2792,ГЗУ-32 п,1783942849.856,Stop,Srp,13.54131149698711,13.616585863027318,,,-,
2795,ГЗУ-32а п,1783943197.185,Running,Srp,14.390827900667123,14.466983822483966,,,-,
2800,ГЗУ-31 б п,1783942475.081,Stop,Srp,19.16352593963847,19.1462697957637,,,-,
2801,ГЗУ-31 б п,1778246369.789,Stop,Srp,null,null,,,-,
2804,ГЗУ-31 б п,1783943045.794,,Srp,68.6767787753417,68.36520305890558,,,-,
2806,ГЗУ-30а п,1783919178.356,,Srp,30.63834117865764,null,,,-,
2807,ГЗУ-30б п,1783943360.555,,Pcp,3.2213923097443597,3.0498749553365934,,,-,
2810,ГЗУ-31 п,1783942486.706,Stop,Srp,15.567000473604297,15.601169278872218,,,-,
2814,ГЗУ-31 п,1783943246.754,Running,Srp,25.324103355838357,25.596113105322786,0,41.9,100,
2815,ГЗУ-31 п,1783943319.906,Running,Pcp,41.45038342896168,40.99257803836133,,,-,
2816,ГЗУ-30б п,1783942843.191,Stop,Srp,37.500682087901595,34.41904248354417,,,-,
2818,ГЗУ-30б п,1783240037.221,Running,Srp,null,null,,,-,
2819,ГЗУ-30б п,1783941280.437,Stop,Srp,26.18950128216402,26.190237198018032,,,-,
2820,ГЗУ-30б п,1783936806.628,,Srp,40.923050350771824,41.0556240179309,,,-,
2822,ГЗУ-31 п,1783943178.667,Stop,Srp,3.3823610455447986,3.349526202562377,,,-,
2823,ГЗУ-31 п,1783941769.505,Stop,Srp,27.16524541103008,31.720666324305395,,,-,
2826,ГЗУ-31 п,1783943468.707,Stop,Srp,7.581751827205874,7.515161078732409,,,-,
2828,ГЗУ-31 п,1783130426.139,Stop,Srp,null,null,,,-,
2829,ГЗУ-30а п,1783942600.821,Stop,Srp,12.03922052876254,12.08140689297884,,,-,
2830,ГЗУ-30б п,1783936806.926,,Srp,0,0,,,-,
2831,ГЗУ-30б п,1783908036.925,,Srp,null,null,,,-,
2832,ГЗУ-30б п,1783943362.463,Stop,Srp,25.7409093483974,24.187598586558526,,,-,
2833,ГЗУ-30б п,1783940830.19,Running,Srp,5.215995167175194,6.244536158732538,,,-,
2834,ГЗУ-30б п,1783938750.861,,Srp,11.02320204039459,10.991794037594852,,,-,
2836,ГЗУ-31 п,1783942754.262,Stop,Srp,3.13987763735536,3.0848451515478015,,,-,
2839,ГЗУ-31 п,1783942854.347,Stop,Srp,11.855804348280556,17.275103944735182,,,-,
2840,ГЗУ-31 п,1783943060.465,Stop,Srp,28.98505447140228,29.072635201378848,,,-,
2841,ГЗУ-30б п,1783936806.828,,Srp,19.787607680487227,19.59002027545556,,,-,
2842,ГЗУ-30б п,1783941489.429,,Srp,31.886183703530275,31.855493398009106,,,-,
2844,ГЗУ-30б п,1783943486.53,,Srp,35.62806936002704,null,,,-,
2846,ГЗУ-30б п,1783942079.051,Running,Srp,13.531006586033342,13.430303238930826,,,-,
2853,ГЗУ-30б п,1783943459.038,Running,Srp,10.997573541700126,10.397926966055081,,,-,
2855,ГЗУ-30б п,1783936806.721,,Srp,null,19.005760843158725,,,-,
2859,ГЗУ-31 п,1783942592,Stop,Srp,1.1385591047553656,1.1367162406116031,,,-,
2862,ГЗУ-31 п,1783942035.733,Stop,Srp,8.645817833300654,8.778483649227065,,,-,
2864,ГЗУ-31 п,1783943054.802,Stop,Srp,56.844461534425555,56.850459693066924,,,-,
2875,ГЗУ-31 б п,1783942939.902,Running,Pcp,42.12081256758989,42.0507306877827,,,-,
2876,ГЗУ-31 б п,1778899574.399,Stop,Pcp,null,null,,,-,
2878,ГЗУ-30б п,1783940583.704,,Pcp,1.3721020333889704,1.4361191676599327,,,-,
2881,ГЗУ-30б п,1783940009.612,Running,Srp,21.33675462586267,21.129207897982987,,,-,
2882,ГЗУ-31 б п,1783941264.454,Stop,Srp,21.59646593138371,21.718917944151002,,,-,
2884,ГЗУ-31 б п,1783925631.705,,Srp,21.43526541331413,null,,,-,
2890,ГЗУ-31 б п,1783921203.982,,Srp,45.35590293616302,null,,,-,
2891,ГЗУ-31 б п,1783942774.657,Running,Pcp,0,0,,,-,
2892,ГЗУ-31 б п,1783942126.499,,Srp,36.90270266799836,36.71116906231804,,,-,
2894,ГЗУ-31 б п,1783942974.047,,Srp,32.97820847762425,33.13472220038675,,,-,
2895,ГЗУ-31 б п,1783942551.917,Running,Pcp,35.624204272926036,37.098265941935125,2.19,27.4,-,
2898,ГЗУ-31 б п,1782698435.635,Running,Srp,null,null,,,-,
2900,ГЗУ-31 б п,1783941884.393,Stop,Srp,24.044262474802135,24.218936087993082,,,-,
2901,ГЗУ-31 б п,1783939973.938,,Srp,null,null,,,-,
2902,ГЗУ-31 б п,1783943433.936,Stop,Srp,36.1160735438081,35.979771634956954,,,-,
2903,ГЗУ-31 б п,1783942393.273,Stop,Srp,0,0,,,-,
2904,ГЗУ-31 б п,1783943222.049,Running,Srp,10.534824191657771,10.492616999389531,,,-,
2905,ГЗУ-31 б п,1783940702.799,Stop,Srp,30.00797124982685,29.92910605397871,,,-,
2909,ГЗУ-31 б п,1777976237.427,Stop,Srp,null,null,,,-,
2910,ГЗУ-31 б п,1783942671.315,Running,Srp,52.49786412293303,52.60992064196394,,,-,
2912,ГЗУ-31 б п,1783943230.223,Running,Pcp,0,null,3.76,0,-,
2913,ГЗУ-31 б п,1783943269.852,Running,Srp,30.488430494123595,30.027619112615305,,,-,
2914,ГЗУ-30б п,1783941728.332,Running,Srp,20.579644610508705,null,,,-,
2915,ГЗУ-30б п,1783943452.488,Running,Srp,4.686564520654304,4.683139745226224,,,-,
2918,ГЗУ-31 б п,1783942361.899,,Srp,15.987617587527714,16.02324130912122,,,-,
2919,ГЗУ-31 б п,1782352832.131,,Srp,null,null,,,-,
2920,ГЗУ-31 б п,1783942280.852,Running,Srp,31.62960844774287,31.71590168799484,,,-,
2921,ГЗУ-31 б п,1783936806.924,,Srp,5.642445581500747,7.189411635323993,,,-,
2922,ГЗУ-31 б п,1783942812.696,,Srp,3.0845520565880826,2.935042814791646,,,-,
2924,ГЗУ-31 б п,1783942057.358,Stop,Srp,15.403213615184166,15.629727522801739,,,-,
2925,ГЗУ-31 б п,1783943074.549,,Srp,37.38728066085848,28.37548193764832,,,-,
2926,ГЗУ-31 б п,1783941579.528,Stop,Srp,19.29055839802772,19.346044278023093,,,-,
2927,ГЗУ-31 б п,1783942579.539,Running,Srp,34.668191666121224,34.404825341376004,,,-,
2928,ГЗУ-31 б п,1783943127.875,Running,Pcp,0,27.803495917195207,1.74,42.8,-,
2929,ГЗУ-31 б п,1783943136.529,Stop,Pcp,0,0,0,0,-,
2931,ГЗУ-27 п,1783942210.9,Running,Pcp,3.449761272817409,3.739763465039211,,,-,
2934,ГЗУ-31 п,1783942965.458,Stop,Srp,10.50234612038075,10.192957485179875,,,-,
2935,ГЗУ-31 п,1783938286.06,Running,Srp,0.6637984532841752,0,,,-,
2938,ГЗУ-31 п,1783942296.355,Stop,Srp,18.935551944720004,18.591019912331596,,,-,
2941,ГЗУ-31 п,1783942803.933,,Pcp,61.03771881768522,59.496015885924855,,,-,
2943,ГЗУ-31 п,1783936603.927,,Pcp,98.96763694653214,null,,,-,
2946,ГЗУ-30б п,1783942520.754,,Srp,4.112961777683715,3.1753024608469262,,,-,
2948,ГЗУ-30б п,1783938174.356,Stop,Srp,0.18732131505305666,0,,,-,
2949,ГЗУ-30б п,1783936806.628,,Srp,10.764723429204823,10.783179626668444,,,-,
2950,ГЗУ-30б п,1783942203.293,,Srp,1.1085974542002863,0.40763790228304403,,,-,
2951,ГЗУ-31 п,1783939564.756,Stop,Srp,11.067121771311495,11.079072038833427,,,-,
2952,ГЗУ-31 п,1783942330.741,Stop,Srp,8.749147287929864,8.81785822103617,,,-,
2953,ГЗУ-31 п,1783943276.593,Running,Srp,12.586216574078593,12.379876234559433,,,-,
2955,ГЗУ-31 п,1783942453.013,Stop,Srp,21.941762987764584,21.86772735459257,,,-,
2956,ГЗУ-31 п,1783941547.493,Running,Srp,8.02612615739652,8.000578444786846,,,-,
2961,ГЗУ-31 п,1780040498.651,,Pcp,null,null,,,-,
2962,ГЗУ-31 п,1783942778.287,,Srp,38.9538314883991,39.232762433094024,,,-,
2963,ГЗУ-31 п,1783942556.48,Running,Pcp,20.866347368492953,19.876467777704377,13.43,42.3,81.77083333333334,
2964,ГЗУ-31 п,1783942614.241,Stop,Pcp,0,0,0,0,-,
2966,ГЗУ-33а п,1783941982.673,Running,Pcp,54.74199669537796,54.98984689797001,,,-,
2967,ГЗУ-30б п,1783942928.093,Running,Srp,11.765948104974354,11.537016772147007,,,-,
2968,ГЗУ-30б п,1783939684.189,Running,Srp,22.817524119439657,22.791395712218684,,,-,
2969,ГЗУ-30б п,1783942983.839,Stop,Srp,24.220471888943678,20.68153083753326,,,-,
2975,ГЗУ-31 п,1783942728.702,Stop,Srp,19.666032240821583,19.700312695189716,,,-,
2976,ГЗУ-31 п,1783942146.177,Stop,Srp,19.816517632961492,19.65759342314913,,,-,
2978,ГЗУ-31 п,1783942399.821,Running,Srp,1.559974732525187,1.5343659411039847,,,-,
2980,ГЗУ-30б п,1783937936.052,,Srp,28.919050723583894,null,,,-,
2981,ГЗУ-30б п,1783923467.622,,Srp,17.115135924062077,null,,,-,
2982,ГЗУ-30б п,1783942252.45,Running,Srp,17.181557552842474,15.570242486851463,,,-,
2984,ГЗУ-30б п,1783943354.756,Stop,Srp,0,null,,,-,
2986,ГЗУ-30б п,1783941732.174,,Srp,13.506490994292623,13.578804000000469,,,-,
2987,ГЗУ-30б п,1783942098.012,Running,Srp,10.449696489233531,10.500766943132984,,,-,
2989,ГЗУ-30б п,1783940752.808,,Srp,4.698899766538673,3.478240018335854,,,-,
2990,ГЗУ-30б п,1783912018.732,,Srp,16.080668150079973,null,,,-,
2991,ГЗУ-30б п,1783942532.23,,Srp,5.626850216340876,5.672568409818187,,,-,
2992,ГЗУ-30б п,1783943255.976,,Srp,9.079394703807289,8.722079159469365,,,-,
2993,ГЗУ-30б п,1783938711.968,,Srp,17.069762103937617,null,,,-,
2994,ГЗУ-30б п,1783938961.924,Running,Srp,12.788120513466712,null,,,-,
2995,ГЗУ-31 п,1783942830.111,,Srp,5.861328249586749,5.823183366021023,,,-,
2996,ГЗУ-31 п,1783942704.466,Stop,Srp,3.6936256353215287,3.0919486545735553,,,-,
2998,ГЗУ-31 п,1783943480.664,,Srp,2.742202231990929,2.7463570630959837,,,-,
3000,ГЗУ-12 ввг,1783940170.169,Running,Pcp,10.83758324058341,11.002696030437757,,,-,
3002,ГЗУ-12 ввг,1783942665.473,Stop,Srp,57.88707455400541,57.68894282012764,,,-,
3003,ГЗУ-12 ввг,1783942264.621,Stop,Srp,30.540758456210924,30.46303809236308,,,-,
3005,ГЗУ-12 ввг,1783942747.795,Running,Srp,21.424975989896,21.219670071693276,,,-,
3007,ГЗУ-1 ввг,1783939994.937,Stop,Pcp,11.789270275600233,11.854553169126378,,,-,
3008,ГЗУ-12 ввг,1780884026.573,Running,Pcp,null,null,,,-,
3009,ГЗУ-12 ввг,1783942359.538,Running,Pcp,19.56368589361067,19.08342813074366,,,-,
3033,ГЗУ-31 б п,1783942024.366,Running,Srp,11.972098505586887,12.07097256831039,,,-,
3040,ГЗУ-31 б п,1783303234.124,,Srp,null,null,,,-,
3068,ГЗУ-31а п,1783943318.344,Running,Pcp,8.93537978621468,8.903950242542601,1.67,46.2,-,
3069,ГЗУ-31а п,1783942474.342,Running,Pcp,20.66103762590947,19.99343208537752,1.8,40.1,-,
3177,ГЗУ-30б п,1783942791.488,Running,Srp,24.12676922759109,23.99851780208062,,,-,
3180,ГЗУ-30б п,1783943085.354,Running,Srp,37.68969055429179,37.75593170313537,,,-,
3183,ГЗУ-30б п,1783936806.722,,Srp,12.46577327753639,11.165331604415217,,,-,
3190,ГЗУ-31 п,1783942352.933,,Srp,8.76209074522003,8.779033710513579,,,-,
3191,ГЗУ-31 п,1783942660.176,,Srp,14.235554367628847,16.18735417968401,,,-,
3192,ГЗУ-31 п,1783941198.473,Stop,Srp,18.189116731090262,18.113978841674353,,,-,
3193,ГЗУ-31 п,1783942529.457,Stop,Srp,10.671150519117445,10.648719138260432,,,-,
3197,ГЗУ-31 п,1783942521.356,Running,Srp,26.76231907167837,26.805045283912616,,,-,
3199,ГЗУ-31 п,1783942809.27,Stop,Pcp,56.27027547851961,null,,,-,
3201,ГЗУ-31 п,1783943230.657,Running,Srp,29.986868704611727,30.03976481009727,,,-,
3203,ГЗУ-31 п,1783943287.912,,Srp,3.5610944815825367,3.688381453605145,,,-,
3205,ГЗУ-31 п,1783943127.96,Running,Pcp,108.26441297344077,108.49865999509319,,,-,
3206,ГЗУ-31 б п,1783941197.253,Stop,Srp,31.37060247212059,31.259536795429113,,,-,
3207,ГЗУ-31 б п,1783942548.686,Stop,Srp,11.689402541054525,11.730989287625103,,,-,
3209,ГЗУ-30 п,1778669125.708,Stop,Srp,null,null,,,-,
3210,ГЗУ-30 п,1783938919.157,,Srp,25.78657585679953,25.788341565043503,,,-,
3211,ГЗУ-30 п,1783940124.184,,Srp,16.192403282514885,16.472399314486385,,,-,
3213,ГЗУ-30 п,1783942362.241,,Srp,1.8634334754571824,0.8514119252681083,,,-,
3214,ГЗУ-30 п,1783936807.124,Running,Srp,22.54757044097836,22.49881207955353,,,-,
3215,ГЗУ-30 п,1783943398.767,Running,Srp,6.798104001773782,6.968021068984275,,,-,
3216,ГЗУ-30 п,1783940412,,Srp,29.58873972849153,null,,,-,
3217,ГЗУ-30 п,1783942937.889,Running,Srp,21.389508109502483,21.396134720316695,,,-,
3218,ГЗУ-30 п,1783923589.056,,Srp,3.7319982888628056,null,,,-,
3219,ГЗУ-30 п,1783930802.629,,Srp,16.69643040167482,null,,,-,
3222,ГЗУ-30 п,1783941269.066,,Srp,5.8693294122208455,5.205057225266653,,,-,
3223,ГЗУ-30 п,1783942842.372,Stop,Srp,12.339104162262336,12.331365589506039,,,-,
3225,ГЗУ-30 п,1783942066.704,,Srp,0,0,,,-,
3228,ГЗУ-30 п,1783941833.908,,Srp,21.294334890000915,21.332003061159924,,,-,
3229,ГЗУ-31а п,1783943329.368,Stop,Srp,0.03913418187370989,24.423686829040463,,,-,
3230,ГЗУ-31а п,1783942321.686,Stop,Srp,22.446493510880988,22.352270795459415,,,-,
3232,ГЗУ-31а п,1783941461.75,Stop,Srp,9.690169130725101,9.917958490965345,,,-,
3238,ГЗУ-31а п,1783942968.137,Stop,Srp,8.337738617987206,8.29415843794486,,,-,
3240,ГЗУ-31 п,1783940115.354,Running,Srp,7.711903786906436,7.725017329883538,,,-,
3241,ГЗУ-31 п,1783940263.918,,Srp,8.736143009686975,8.71853139790411,,,-,
3242,ГЗУ-31 п,1783943436.969,,Srp,10.625022280273527,10.67401847794858,,,-,
3244,ГЗУ-31а п,1783942635.065,Running,Pcp,16.722666558509275,16.49058140979621,1.78,31.1,-,
3245,ГЗУ-31 п,1783942390.56,,Srp,19.23352244598537,19.05180424354336,,,-,
3246,ГЗУ-31 п,1783942993.693,,Pcp,1.8169083932385972,2.1474374925992783,,,-,
3247,ГЗУ-31 п,1775959248.64,Stop,Pcp,null,null,1.76,15.8,-,
3249,ГЗУ-19 птв,1783943249.226,Running,Pcp,50.497028466928505,49.928193630768924,,,-,
3251,ГЗУ-30б п,1783942807.199,Running,Srp,24.04140894004681,23.890136847908,,,-,
3253,ГЗУ-30б п,1783942911.355,,Srp,15.087566274781159,16.855965614836748,,,-,
3255,ГЗУ-30б п,1783941438.555,,Srp,17.81055586945406,17.911735244528607,,,-,
3257,ГЗУ-30б п,1783938391.453,,Srp,16.220185297600693,null,,,-,
3270,ГЗУ-30 п,1783913710.441,,Srp,4.582232649511301,null,,,-,
3271,ГЗУ-30 п,1783936806.822,,Srp,5.123923304707682,4.938997028056305,,,-,
3273,ГЗУ-30 п,1783942513.854,Running,Srp,10.09255716443044,10.441420499324646,,,-,
3274,ГЗУ-30 п,1783943177.358,,Srp,9.131285891653155,9.206482990591683,,,-,
3275,ГЗУ-30 п,1783940289.831,,Srp,2.3692126386888157,1.9451075556913782,,,-,
3276,ГЗУ-30 п,1783942128.241,,Srp,12.774314626807788,12.688925469962872,,,-,
3278,ГЗУ-27 п,1783942787.961,,Srp,1.4498714295639135,1.4046782005546745,,,-,
3283,ГЗУ-30а п,1783942935.923,Running,Srp,21.142500440536296,21.11899272234111,,,-,
3284,ГЗУ-31 б п,1778899699.696,Running,Srp,null,null,1.87,55.8,0,
3286,ГЗУ-31 б п,1783942592.121,,Srp,6.457418041934553,6.3701729753116085,,,-,
3287,ГЗУ-30а п,1783942190.726,,Srp,3.4233473288894207,3.563555597627999,,,-,
3288,ГЗУ-30а п,1783936807.424,,Srp,19.69281248599265,19.64049177873304,,,-,
3289,ГЗУ-30а п,1783940976.232,,Srp,13.421865766938597,13.460630082643874,,,-,
3290,ГЗУ-30 п,1783939980.434,,Srp,25.870311138555213,25.918952917005516,,,-,
3291,ГЗУ-30 п,1783938406.542,,Srp,4.740294561681573,null,,,-,
3292,ГЗУ-30 п,1783943112.307,,Srp,7.619640241070269,7.764280792775515,,,-,
3296,ГЗУ-30 п,1783943494.388,Running,Srp,2.717512575762556,2.962128455784648,,,-,
3297,ГЗУ-30а п,1783943375.414,,Srp,9.65758071266141,null,,,-,
3298,ГЗУ-30а п,1783940559.363,,Pcp,28.9681641541165,null,,,-,
3299,ГЗУ-30а п,1774144847.171,,Srp,null,null,,,-,
3300,ГЗУ-30а п,1783938207.172,,Srp,33.207604832409125,33.799504134745966,,,-,
3301,ГЗУ-30а п,1783936807.424,,Srp,14.932225572222354,14.963980179786073,,,-,
3302,ГЗУ-30а п,1783936806.629,,Srp,0,0,,,-,
3303,ГЗУ-30а п,1782726914.683,Running,Srp,null,null,,,-,
3309,ГЗУ-32а п,1783940910.679,,Srp,2.858408041357445,2.9077158387788775,,,-,
3310,ГЗУ-32а п,1783942896.327,Running,Srp,14.312692710754348,14.450280855412236,,,-,
3312,ГЗУ-27 п,1783942021.481,Running,Srp,12.668146602599244,12.47760911036489,,,-,
3315,ГЗУ-27а п,1783941835.038,,Srp,23.800507946645755,24.051665464185334,,,-,
3316,ГЗУ-27 п,1783942868.053,Running,Srp,6.674579030934424,6.739396767025305,,,-,
3317,ГЗУ-27 п,1783942846.03,,Srp,5.809778772220085,5.712316065369329,,,-,
3319,ГЗУ-27а п,1783942649.409,Running,Srp,6.933287340532547,8.463871987863532,,,-,
3323,ГЗУ-30а п,1783942117.388,,Srp,7.001297976387862,6.8617288928456475,,,-,
3329,ГЗУ-31а п,1783943005.858,,Srp,2.285061484620628,2.3221353642834557,,,-,
3336,ГЗУ-27 п,1783941898.35,,Srp,26.40431067604308,25.30280194202684,,,-,
3338,ГЗУ-27 п,1783942802.762,Running,Srp,20.47691463651665,20.65964353362778,,,-,
3340,ГЗУ-27 п,1783942927.068,Running,Srp,6.518403079793367,6.596002864215281,,,-,
3342,ГЗУ-27а п,1783942683.954,,Srp,6.967510685658339,7.003186787598851,,,-,
3343,ГЗУ-30а п,1783941207.009,,Srp,20.17933297239664,null,,,-,
3344,ГЗУ-30а п,1783940030.258,Stop,Srp,23.515335736257473,23.63106580707711,,,-,
3345,ГЗУ-30а п,1783936807.424,,Srp,10.073266223871405,9.82045449401093,,,-,
3346,ГЗУ-30а п,1783943428.85,,Srp,32.32214257576487,32.34244090138476,,,-,
3348,ГЗУ-30а п,1783942518.913,,Pcp,6.334755715606613,5.965306327869853,,,-,
3350,ГЗУ-30а п,1783942820.518,Stop,Srp,10.382027197498271,10.381313991753974,,,-,
3351,ГЗУ-30а п,1783929535.468,,Pcp,8.966163882490143,null,,,-,
3352,ГЗУ-30а п,1783943360.732,,Srp,23.700955112347096,23.75681594064778,,,-,
3353,ГЗУ-30а п,1783920127.843,,Srp,12.860310123791546,null,,,-,
3354,ГЗУ-30а п,1783941754.804,,Srp,9.315498174131891,12.372937192136861,,,-,
3355,ГЗУ-30а п,1781777131.052,Running,Srp,null,null,,,-,
3360,ГЗУ-30а п,1783942135.21,,Srp,9.975359889602725,null,,,-,
3363,ГЗУ-30а п,1782871238.337,,Srp,null,null,,,-,
3371,ГЗУ-30б п,1783943453.646,Running,Srp,17.396000810907108,17.7765844334771,,,-,
3372,ГЗУ-32а п,1783942423.631,Stop,Srp,26.296529122867284,23.468706189473313,,,-,
3373,ГЗУ-32а п,1783936806.828,,Srp,1.6198073648857056,1.653835306040991,,,-,
3374,ГЗУ-32а п,1783941203.269,Stop,Srp,23.900160254613354,24.069186166973296,,,-,
3376,ГЗУ-27 п,1783943184.959,Running,Pcp,14.666099488613158,14.033621946730587,,,-,
3381,ГЗУ-27а п,1783942361.878,,Srp,13.241144485428853,13.200811377438928,,,-,
3382,ГЗУ-32а п,1783821631.52,,Srp,null,null,,,-,
3383,ГЗУ-32 п,1783942755.797,,Pcp,21.706779265357508,21.72786200812077,,,-,
3384,ГЗУ-32 п,1783942012.255,Stop,Srp,22.82098958335746,22.747836880464902,,,-,
3386,ГЗУ-32 п,1780452038.741,Running,Srp,null,null,,,-,
3388,ГЗУ-32 п,1783942964.771,Running,Srp,24.13965362894173,23.92929225751247,,,-,
3389,ГЗУ-32 п,1783942367.704,,Srp,6.67713570263403,6.704192246711977,,,-,
3390,ГЗУ-32 п,1783942746.91,Stop,Srp,22.763119999253323,22.682421539231157,,,-,
3391,ГЗУ-32 п,1783942604.568,,Srp,19.480225031945675,19.422318202531045,,,-,
3393,ГЗУ-32 п,1783942890.54,Running,Srp,19.252894086235532,19.15429656851306,,,-,
3394,ГЗУ-32 п,1783943156.574,Running,Srp,35.58086667188455,35.226153066552996,,,-,
3399,ГЗУ-32а п,1783942860.16,,Pcp,3.2145824338577675,3.2090486003809833,,,-,
3400,ГЗУ-27а п,1783942631.918,Running,Srp,7.775949137859101,7.777520396521997,,,-,
3402,ГЗУ-32 п,1780711226.47,Running,Srp,null,null,,,-,
3410,ГЗУ-32 п,1783943475.711,Stop,Pcp,104.4171975801743,104.29561165316461,,,-,
3411,ГЗУ-27а п,1783942607.33,Stop,Srp,21.079348764410604,20.997558205473744,,,-,
3412,ГЗУ-27а п,1783943007.634,Running,Pcp,19.55657143211268,19.547539061271273,,,-,
3413,ГЗУ-27а п,1783943395.88,Running,Srp,10.667456624739293,15.779130821343198,,,-,
3414,ГЗУ-27а п,1783942615.037,,Srp,0,0.5026170223280273,,,-,
3416,ГЗУ-31 п,1783940096.317,Running,Srp,14.947390831202886,14.977217139973119,,,-,
3419,ГЗУ-31 п,1783942694.158,Stop,Srp,37.319370551382015,37.390904062134425,,,-,
3420,ГЗУ-31 п,1783941053.281,,Srp,4.358040500937829,4.591801111523106,,,-,
3421,ГЗУ-31 п,1783943408.437,Stop,Srp,22.099658939360083,22.117282800469052,,,-,
3426,ГЗУ-27а п,1783943159.096,,Pcp,0.5882177842004268,0,,,-,
3427,ГЗУ-32 п,1783943287.927,Stop,Pcp,80.2945587683245,80.5531046529322,,,-,
3430,ГЗУ-27а п,1783942396.865,Stop,Srp,10.008083801423677,9.789844972981593,,,-,
3437,ГЗУ-32 п,1783940566.624,Running,Srp,17.860557976765136,17.813675907004544,,,-,
3438,ГЗУ-31 п,1783942423.73,Running,Srp,14.56366576240076,14.643773884047027,,,-,
3439,ГЗУ-27а п,1783943224.618,Running,Srp,9.553185347906615,9.384079166784812,,,-,
3440,ГЗУ-27а п,1783943226.445,Running,Pcp,11.6999279449444,12.029431893695067,,,-,
3446,ГЗУ-32 п,1783943222.517,Stop,Pcp,9.629713032790441,9.710200098225577,,,-,
3451,ГЗУ-32 п,1783943140.595,Running,Pcp,17.0107406583836,17.53792606566559,,,-,
3452,ГЗУ-30б п,1783936806.822,,Srp,0.5048815629424837,0.4956837938228659,,,-,
3460,ГЗУ-27а п,1783942718.044,Running,Srp,2.0950278663462125,2.3784618651255873,,,-,
3462,ГЗУ-32 п,1783942366.462,Running,Pcp,14.541634831316363,14.458248761958473,,,-,
3463,ГЗУ-32 п,1783942679.273,Running,Srp,22.173456748937834,17.75684856859038,,,-,
3465,ГЗУ-27а п,1783943022.212,Running,Pcp,8.489479334063963,8.639390022837631,,,-,
3467,ГЗУ-32 п,1783942459.533,,Srp,2.1047048453674475,1.3045118342749742,,,-,
3468,ГЗУ-31 б п,1783942357.929,,Srp,12.810227134949876,12.729525695256783,,,-,
3470,ГЗУ-32 п,1783942755.863,Stop,Srp,10.201513251740284,10.035644353049133,,,-,
3471,ГЗУ-32 п,1783942872.163,,Pcp,2.2475819900281078,2.3027781561391807,,,-,
3473,ГЗУ-32 п,1783389632.228,Stop,Pcp,null,null,,,-,
3481,ГЗУ-31 б п,1783943359.635,Stop,Srp,11.906944594340114,12.008669430403273,,,-,
3483,ГЗУ-31 б п,1783942355.463,Running,Srp,33.752601585756,33.74704781809189,,,-,
3494,ГЗУ-27 п,1783943334.259,,Srp,1.390486104161252,1.3422062755701973,,,-,
3495,ГЗУ-27 п,1783942647.053,Running,Srp,15.643516039777042,16.40499973225731,,,-,
3509,ГЗУ-30 п,1783936806.628,,Srp,7.475383516743024,7.443790750552286,,,-,
3511,ГЗУ-30 п,1782516472.044,,Srp,null,null,,,-,
3513,ГЗУ-30 п,1783941817.81,Running,Srp,32.26220581920054,32.17361847191636,,,-,
3514,ГЗУ-30 п,1783942726.393,Stop,Srp,5.779701025968159,5.669216608709781,,,-,
3515,ГЗУ-30 п,1783943364.999,Running,Srp,9.99476642081209,10.022467721004617,,,-,
3532,ГЗУ-30 п,1783936806.628,,Srp,11.102798894883477,10.986654621743048,,,-,
3536,ГЗУ-30 п,1783942881.235,,Srp,11.619313147748649,11.521209749773682,,,-,
3540,ГЗУ-30 п,1783940196.565,,Pcp,7.605695069126681,6.878032982741077,,,-,
3569,ГЗУ-18 птв,1783942749.461,,Pcp,12.926168096082494,12.921210794840055,,,-,
3571,ГЗУ-18 птв,1783943509.546,,Srp,17.180974478363005,16.93691247635281,,,-,
3575,ГЗУ-18 птв,1783942218.572,Running,Pcp,35.07598228052004,34.81648949454397,,,-,
3577,ГЗУ-18 птв,1783942515.116,Running,Pcp,26.139582427419832,26.064647241164522,,,-,
3586,ГЗУ-27 п,1783942666.078,Running,Srp,7.36415896232338,7.50607938735421,1.74,34.6,-,
3587,ГЗУ-27 п,1783942455.523,Running,Srp,2.597623656092061,3.0277408458680877,,,-,
3589,ГЗУ-27 п,1783939976.883,Running,Srp,14.198152189377204,13.845804233405635,,,-,
3592,ГЗУ-27 п,1783942445.163,,Srp,10.226737427378666,11.15185338085603,,,-,
3593,ГЗУ-27 п,1783943389.776,,Srp,3.009560810481836,2.8891760251332452,,,-,
3597,ГЗУ-27 п,1783939939.939,,Srp,6.7348053183528895,6.682429352878478,,,-,
3601,ГЗУ-30 п,1783940394.437,,Srp,null,null,,,-,
3607,ГЗУ-30 п,1783943353.024,,Srp,8.329626696926596,8.341748229141642,,,-,
3621,ГЗУ-31а п,1783940758.771,Running,Srp,11.559804229036608,11.798146400351056,,,-,
3622,ГЗУ-31а п,1783942908.754,,Srp,10.297509717118407,9.817080976034408,,,-,
3623,ГЗУ-31а п,1774411723.859,,Srp,null,null,,,-,
3631,ГЗУ-31а п,1783942841.912,Stop,Pcp,54.50457259679273,54.64440084160043,,,-,
3637,ГЗУ-31а п,1783942858.092,Stop,Srp,20.791404015910512,22.566610154007954,,,-,
3640,ГЗУ-31а п,1776218445.474,Running,Pcp,null,null,2.08,10.3,77.6061776061776,
3642,ГЗУ-31 б п,1783487977.603,Running,Srp,null,null,0.21,25.8,0,
3643,ГЗУ-31 б п,1783939441.516,Stop,Srp,15.73067591592018,15.826685962002204,,,-,
3644,ГЗУ-31 б п,1783943269.934,,Pcp,1.4815702128693713,7.096780429986664,,,-,
3656,ГЗУ-31 б п,1783942023.894,,Srp,14.070956944428046,14.299696129142147,,,-,
3657,ГЗУ-31 б п,1783942893.931,Running,Srp,18.352068547795316,18.357341807746458,,,-,
3660,ГЗУ-32 п,1783943394.213,Running,Srp,10.4084390846606,7.775067776448361,,,-,
3661,ГЗУ-32 п,1783942887.076,Stop,Srp,48.42065583180958,49.621856952360176,,,-,
3662,ГЗУ-32 п,1783942371.074,Running,Pcp,0.5785128305255429,0.5684310107750429,,,-,
3663,ГЗУ-32 п,1783078054.985,,Srp,null,null,,,-,
3664,ГЗУ-32 п,1783942173.719,Stop,Srp,1.9605040667772895,1.9605382574552233,,,-,
3665,ГЗУ-31 б п,1783941282.199,Running,Srp,16.648694088849837,16.671369890440523,,,-,
3677,ГЗУ-30б п,1783940769.378,,Pcp,0.4930839343309844,0.4933748477140142,,,-,
3679,ГЗУ-31 б п,1783942694.106,Running,Pcp,13.348575635511475,13.028572491535465,,,-,
3681,ГЗУ-31 б п,1783941624.502,,Srp,0,0,,,-,
3682,ГЗУ-31 б п,1783942914.419,,Pcp,7.58002513706457,null,,,-,
3683,ГЗУ-27 п,1783943179.794,Running,Srp,20.844227620005373,20.845628067912894,,,-,
3684,ГЗУ-30 п,1783942462.252,,Srp,9.867813610733933,9.840834774457075,,,-,
3685,ГЗУ-30 п,1783921376.13,,Srp,13.523594215579223,null,,,-,
3686,ГЗУ-27 п,1783943041.549,Stop,Srp,25.949816648007044,26.127862975833885,,,-,
3687,ГЗУ-30а п,1783941189.607,,Srp,16.56875303364221,16.605419106559204,,,-,
3688,ГЗУ-30а п,1783936807.424,,Srp,8.329947787167715,8.186605245185232,,,-,
3689,ГЗУ-30а п,1783943246.768,,Pcp,6.269466676597696,5.652788108773952,,,-,
3690,ГЗУ-31 б п,1783936806.828,,Srp,20.621856104817752,20.531537484882453,,,-,
3692,ГЗУ-31 б п,1783943138.504,Running,Srp,23.902887660110544,23.618345309566692,,,-,
3699,ГЗУ-27а п,1783942345.756,Running,Srp,17.167989248018984,17.10753275813035,,,-,
3706,ГЗУ-30б п,1783943373.4,,Srp,0,0,,,-,
3708,ГЗУ-31 п,1783931081.943,Running,Srp,32.31134498814324,null,,,-,
3711,ГЗУ-32 п,1783942490.204,,Srp,1.2973338465613904,2.2269429311613695,,,-,
3712,ГЗУ-32 п,1783938954.325,Stop,Srp,18.045808496225163,18.164651795528,,,-,
3714,ГЗУ-32 п,1783216833.426,Running,Srp,null,null,,,-,
3715,ГЗУ-32 п,1783942364.565,Stop,Srp,12.870313597157223,12.675120709890201,,,-,
3716,ГЗУ-31 п,1783943300.361,Running,Pcp,10.923278568242893,10.957534947592917,,,-,
3717,ГЗУ-31 п,1783943512.456,Running,Srp,29.024127908836824,28.99615997884542,,,-,
3722,ГЗУ-30б п,1783939165.678,,Pcp,5.855193896210284,5.903728687229621,,,-,
3723,ГЗУ-30б п,1783942790.659,,Pcp,2.6994754171206243,null,,,-,
3724,ГЗУ-30б п,1783936806.828,,Srp,23.43870323621624,23.389022473193386,,,-,
3725,ГЗУ-30б п,1783942312.91,,Srp,5.062871086184748,4.8826609520847,,,-,
3728,ГЗУ-30б п,1783941776.055,Running,Pcp,null,24.404352835888414,,,-,
3729,ГЗУ-30б п,1781143235.971,,Pcp,null,null,,,-,
3730,ГЗУ-31 п,1783938469.073,Stop,Srp,44.38879139662536,44.40153109519607,,,-,
3731,ГЗУ-31 п,1783943503.19,Stop,Srp,19.32689075863161,19.185354354528712,,,-,
3732,ГЗУ-31 п,1783942851.815,Stop,Srp,3.3267364751071677,3.2047000771216534,,,-,
3733,ГЗУ-31 п,1783942980.313,Stop,Srp,5.3325846618208885,5.563750614667463,,,-,
3734,ГЗУ-31 п,1783943351.03,,Srp,2.996402383415149,2.46207473436824,,,-,
3735,ГЗУ-32 п,1783943013.282,Stop,Srp,27.66153630337676,27.609658981033395,,,-,
3736,ГЗУ-32 п,1783943204.939,Running,Srp,34.54423800785608,34.09530324846598,,,-,
3737,ГЗУ-32 п,1783942468.741,Stop,Srp,33.49828254257691,33.30003739134028,,,-,
3738,ГЗУ-32 п,1782626041.14,Stop,Srp,null,null,,,-,
3739,ГЗУ-32 п,1783942815.602,,Srp,4.300104542176615,4.417222223149264,,,-,
3740,ГЗУ-32 п,1783943355.68,Stop,Srp,21.40650193622336,21.578992017846634,,,-,
3741,ГЗУ-32 п,1783943105.96,Running,Srp,17.02615857513784,18.07395747684379,,,-,
3742,ГЗУ-31 п,1783942769.784,Stop,Srp,24.252766407961683,23.985671050686424,,,-,
3743,ГЗУ-31 п,1783419270.51,Running,Srp,null,null,,,-,
3744,ГЗУ-31 п,1777255236.218,Running,Pcp,null,null,,,-,
3758,ГЗУ-31 п,1783943308.264,Stop,Srp,16.2461663536477,16.332286078410768,,,-,
3759,ГЗУ-31 п,1783941205.458,,Srp,7.799519967919502,7.912117566138413,,,-,
3761,ГЗУ-31 п,1783943393.03,Stop,Pcp,0.8724973159518151,2.5408447900442024,,,-,
3762,ГЗУ-31 п,1783922443.213,,Srp,22.591473525765775,null,,,-,
3764,ГЗУ-31 п,1782439228.158,Running,Pcp,null,null,,,-,
3769,ГЗУ-30б п,1783942145.958,Stop,Pcp,25.763187110386898,25.768778043742255,,,-,
3770,ГЗУ-30б п,1783943316.725,,Pcp,8.043264428507909,8.103348995315079,,,-,
3771,ГЗУ-30б п,1783936807.321,Running,Srp,35.449113642309165,31.66905360478945,,,-,
3772,ГЗУ-30 п,1783908036.229,Running,Srp,7.913686218813459,null,,,-,
3774,ГЗУ-30б п,1783938328.461,,Pcp,18.988176031878048,null,,,-,
3777,ГЗУ-30б п,1783941352.127,,Pcp,2.070555974161758,2.013805095645325,,,-,
3778,ГЗУ-30б п,1783936806.722,,Srp,10.736787204132863,6.284078179579383,,,-,
3789,ГЗУ-33 п,1783942641.168,Running,Srp,24.49529315518695,24.116552705636288,,,-,
3790,ГЗУ-33 п,1783943011.974,Stop,Srp,15.495282521091328,15.41517502756733,,,-,
3791,ГЗУ-33 п,1783937514.123,Stop,Srp,4.70058933265669,null,,,-,
3804,ГЗУ-33 п,1783942144.056,Stop,Srp,26.530069889093543,26.577555316073322,,,-,
3807,ГЗУ-33 п,1783943430.813,,Pcp,4.4323543845692885,4.454083521457696,,,-,
3815,ГЗУ-12 ввг,1783943068.725,Stop,Srp,45.51929826361853,45.49308993031386,,,-,
3817,ГЗУ-12 ввг,1783942854.654,,Pcp,31.247885520160946,31.431731723944132,,,-,
3818,ГЗУ-1 ввг,1783943350.483,Stop,Pcp,46.73670910022922,46.13919610200106,,,-,
3820,ГЗУ-12 ввг,1783943225.96,Running,Pcp,13.18102691365511,13.269890825612137,,,-,
3823,ГЗУ-12 ввг,1782784837.839,Stop,Pcp,null,null,,,-,
3842,ГЗУ-33 п,1783942143.923,Running,Pcp,23.759594815051923,23.75582604536879,,,-,
3845,ГЗУ-33 п,1783943174.797,,Srp,21.426565836658455,22.319932853325593,,,-,
3850,ГЗУ-34 п,1783937020.96,Running,Pcp,null,69.58379309866515,,,-,
3854,ГЗУ-34 п,1783942634.555,Running,Pcp,41.28486033737344,41.399254125030964,,,-,
3859,ГЗУ-33 п,1780797638.041,Stop,Srp,null,null,,,-,
3860,ГЗУ-33 п,1783942849.936,Running,Pcp,1.7422987076925982,1.7075136716164312,,,-,
3863,ГЗУ-33 п,1783939967.793,,Srp,1.7547457612442707,2.0921949021608754,,,-,
3876,ГЗУ-10 птв,1783943010.202,Running,Pcp,5.606590775700564,5.4152178084950995,,,-,
3879,ГЗУ-10 птв,1783940899.98,Running,Pcp,70.58603736477717,70.45507603856552,,,-,
3880,ГЗУ-10 птв,1783939078.878,,Pcp,2.909498797892771,2.786690178591645,,,-,
3901,ГЗУ-33 п,1783942125.145,Stop,Srp,24.346219758603066,24.82717374688767,,,-,
3902,ГЗУ-33 п,1783940524.076,Stop,Srp,15.870183010433554,15.931276781819689,,,-,
3908,ГЗУ-33 п,1783943021.995,,Pcp,24.08683256256158,24.1836673341348,,,-,
3920,ГЗУ-33 п,1783908037.02,Running,Srp,0,null,,,-,
3922,ГЗУ-33 п,1783421177.921,,Pcp,null,null,,,-,
3925,ГЗУ-33 п,1783943437.641,Running,Srp,34.313746643310274,34.29456415255259,,,-,
3928,ГЗУ-33 п,1783942901.773,Stop,Pcp,13.986408972348055,13.930830312483753,,,-,
3929,ГЗУ-33 п,1777970413.335,Running,Pcp,null,null,,,-,
3930,ГЗУ-18 птв (нов),1783943320.472,,Pcp,52.8523393640915,52.87691297982587,,,-,
3931,ГЗУ-33а п,1783942519.05,Running,Pcp,32.84794489428251,32.37081871630118,,,-,
3933,ГЗУ-33а п,1780229854.849,,Pcp,null,null,,,-,
3934,ГЗУ-34 п,1783943172.862,Running,Pcp,97.63924676578141,97.58066067402895,,,-,
3935,ГЗУ-33а п,1783941436.013,Running,Srp,44.8726462793905,44.82114716131042,,,-,
3936,ГЗУ-34 п,1783943348.943,Running,Pcp,75.07723129460419,74.97344705125518,,,-,
3940,ГЗУ-34 п,1783941704.06,,Srp,26.220040483951813,55.99648267487099,,,-,
3941,ГЗУ-34 п,1783939809.749,,Pcp,98.28886594205467,97.4350912447202,,,-,
3944,ГЗУ-10 птв,1783910724.843,Running,Pcp,null,null,,,-,
3945,ГЗУ-10 птв,1783942883.254,Running,Pcp,72.3064041260544,72.19743725686585,,,-,
3947,ГЗУ-33 п,1783943122.519,Running,Srp,0,0,,,-,
3956,ГЗУ-33 п,1782036727.904,Running,Srp,null,null,,,-,
3971,ГЗУ-33а п,1783942713.817,Running,Pcp,17.959495980355822,18.17651756976041,,,-,
3972,ГЗУ-33а п,1783942529.072,Running,Pcp,36.78361404316219,36.761430286716376,,,-,
3973,ГЗУ-1 ввг,1783941716.547,Stop,Srp,18.810136247866474,17.84293353855201,,,-,
3975,ГЗУ-27 п,1783943251.097,,Srp,22.772181450590526,23.41132283196686,,,-,
3976,ГЗУ-27 п,1783940857.535,,Srp,4.1776072630937735,3.971922585464211,,,-,
3977,ГЗУ-30 п,1783940423.82,,Srp,20.587451868021756,null,,,-,
3978,ГЗУ-30 п,1783942804.269,Running,Srp,27.583500525414166,27.79277461041294,,,-,
3981,ГЗУ-30 п,1783942957.024,Stop,Srp,13.385393613987002,13.288331495568382,,,-,
3982,ГЗУ-30 п,1783941468.875,,Srp,5.963999446117516,null,,,-,
3983,ГЗУ-30 п,1783943228.428,Running,Srp,7.2717214113509785,7.1912840454213836,,,-,
3984,ГЗУ-30 п,1783941128.256,Stop,Srp,11.935383867082306,8.633895450534174,,,-,
3987,ГЗУ-30 п,1783942340.429,,Srp,48.57498303372549,49.22068510021263,,,-,
3988,ГЗУ-30 п,1783942674.139,Running,Srp,0.0007430361715167336,0,,,-,
3989,ГЗУ-30 п,1783940745.662,,Srp,27.33106480642237,27.433451907814074,,,-,
3990,ГЗУ-31а п,1783943367.869,Stop,Srp,9.469981807421275,9.600924708975977,,,-,
3996,ГЗУ-31 б п,1783911679.942,Running,Srp,null,null,2.2,23.6,0,
4000,ГЗУ-12 ввг,1783913453.263,Stop,Pcp,62.4090684141766,null,,,-,
4001,ГЗУ-12 ввг,1783942774.6,Stop,Pcp,35.05977245082743,35.23047364735985,,,-,
4002,ГЗУ-12 ввг,1782037564.997,Running,Pcp,null,null,,,-,
4003,ГЗУ-12 ввг,1782036345.266,Stop,Pcp,null,null,,,-,
4004,ГЗУ-12 ввг,1783942474.705,,Pcp,60.171638029794366,60.142285398729015,,,-,
4006,ГЗУ-12 ввг,1783942288.985,Running,Pcp,87.16371679934063,87.21051659070517,,,-,
4007,ГЗУ-12 ввг,1783919710.807,Stop,Pcp,null,null,,,-,
4011,ГЗУ-12 ввг,1777971820.548,Running,Pcp,null,null,,,-,
4014,ГЗУ-12 ввг,1778292036.72,Running,Pcp,null,null,,,-,
4015,ГЗУ-12 ввг,1783562435.457,Running,Pcp,null,null,,,-,
4016,ГЗУ-12 ввг,1777970419.997,,Pcp,null,null,,,-,
4017,ГЗУ-12 ввг,1783940309.756,Stop,Pcp,4.440664027185663,4.425461066135458,,,-,
4018,ГЗУ-12 ввг,1783942338.581,Stop,Pcp,53.09824496179261,53.0271847012706,,,-,
4019,ГЗУ-12 ввг,1783940544.251,Running,Pcp,30.34968770371269,30.159302367120354,,,-,
4020,ГЗУ-12а ввг,1778292037.322,Stop,Pcp,null,null,,,-,
4021,ГЗУ-12 ввг,1778737424.831,Stop,Pcp,null,null,,,-,
4022,ГЗУ-12 ввг,1783943169.906,Stop,Pcp,22.555868309911542,22.610797490073935,,,-,
4023,ГЗУ-12 ввг,1783942759.466,Stop,Pcp,33.616698293135926,34.293079350518084,,,-,
4024,ГЗУ-12 ввг,1783942384.067,Running,Pcp,4.423583756331128,4.581955933010674,,,-,
4026,ГЗУ-12а ввг,1783943234.812,Running,Pcp,87.4450419482692,88.22569441508693,,,-,
4033,ГЗУ-12 ввг,1783936807.528,Stop,Pcp,17.564185096373564,17.318624753537332,,,-,
4035,ГЗУ-12 ввг,1783943140.482,Running,Pcp,22.690794945014552,22.882557437841974,,,-,
4036,ГЗУ-12 ввг,1783942541.393,Stop,Pcp,49.244462443245666,49.38134748730785,,,-,
4037,ГЗУ-12 ввг,1783939336.783,Stop,Srp,56.76868900149814,56.57136537958115,,,-,
4040,ГЗУ-12 ввг,1783943504.618,Running,Pcp,2.7772743763029055,0,,,-,
4044,ГЗУ-5 ввг,1783942546.542,Stop,Pcp,44.227312768147314,44.43235980651323,,,-,
4046,ГЗУ-1 ввг,1783821632.051,Running,Pcp,null,null,,,-,
4061,ГЗУ-5 ввг,1783943006.679,Stop,Pcp,18.940378486745033,18.99734920308625,,,-,
4064,ГЗУ-5 ввг,1778896837.444,Running,Pcp,null,null,,,-,
4072,ГЗУ-5 ввг,1783942790.562,Stop,Pcp,22.43259768218868,22.42429120385977,,,-,
4074,ГЗУ-5 ввг,1783943406.122,Stop,Pcp,18.191955299317463,18.262519088848812,,,-,
4075,ГЗУ-5 ввг,1783942660.435,Running,Srp,17.094067898735688,17.12964712170684,,,-,
4079,ГЗУ-5 ввг,1783940454.784,Stop,Pcp,32.04570506937748,32.04635432651851,,,-,
4094,ГЗУ-12а ввг,1783940361.361,,Srp,63.783194518937734,63.04709516451788,,,-,
4095,ГЗУ-12 ввг,1783943377.729,Stop,Pcp,36.2988760526442,36.10819335920916,,,-,
4096,ГЗУ-12 ввг,1783942336.926,Running,Pcp,22.446694932596678,23.346770591862203,,,-,
4099,ГЗУ-12 ввг,1783941500.005,Stop,Pcp,34.44273981033601,34.58833595019092,,,-,
4100,ГЗУ-12 ввг,1783942061.159,Stop,Pcp,29.691102055106654,29.695031593271707,,,-,
4103,ГЗУ-12 ввг,1778737618.442,Stop,Pcp,null,null,,,-,
4104,ГЗУ-12 ввг,1783942525.35,Stop,Pcp,26.357798046230347,26.35363632723995,,,-,
4108,ГЗУ-12 ввг,1783939302.644,Stop,Srp,31.92838629163717,null,,,-,
4112,ГЗУ-12 ввг,1783943502.973,Stop,Pcp,58.96997488400675,60.81119684179681,,,-,
4120,ГЗУ-12а ввг,1783943122.664,Stop,Pcp,30.980656246381734,29.395102951416334,,,-,
4124,ГЗУ-12а ввг,1783943384.477,Stop,Srp,10.866138232630774,12.573412988891091,,,-,
4128,ГЗУ-12а ввг,1783942947.478,Stop,Srp,40.04891052153632,40.17634030601046,,,-,
4130,ГЗУ-12а ввг,1783943432.099,Running,Srp,25.480476364649753,27.345183560258818,,,-,
4135,ГЗУ-12а ввг,1783941727.077,Running,Pcp,19.83287484514318,19.774678361386627,,,-,
4136,ГЗУ-12а ввг,1783943382.358,Stop,Pcp,26.670104486752173,26.894753927625644,,,-,
4137,ГЗУ-12 ввг,1783942415.743,Stop,Pcp,29.440668575361137,29.338920166789297,,,-,
4140,ГЗУ-12 ввг,1783943243.757,Stop,Pcp,40.37638530437591,40.25838142396446,,,-,
4157,ГЗУ-12а ввг,1783936807.823,Stop,Pcp,0,0,,,-,
4158,ГЗУ-12 ввг,1783942818.982,Running,Srp,37.4941182177116,37.7866666488252,,,-,
4173,ГЗУ-12а ввг,1783943479.938,Stop,Pcp,19.915363257784197,19.00343930519859,,,-,
4180,ГЗУ-12а ввг,1783942965.563,Running,Pcp,19.80233850533728,19.670442631044104,,,-,
4182,ГЗУ-12а ввг,1783937801.545,Running,Pcp,39.14645474288928,39.53995630459397,,,-,
4184,ГЗУ-12а ввг,1783941142.982,Running,Srp,21.917342143386342,23.466736624261273,,,-,
4186,ГЗУ-12а ввг,1783942556.449,,Pcp,30.39795226170739,25.895087519616297,,,-,
4192,ГЗУ-12 ввг,1782007240.531,Stop,Srp,null,null,,,-,
4194,ГЗУ-12 ввг,1783943328.297,Stop,Pcp,12.167752030468474,12.064692787785685,,,-,
4197,ГЗУ-12 ввг,1783940822.652,Stop,Pcp,9.235237996075071,9.218636526196237,,,-,
4208,ГЗУ-12 ввг,1783942160.18,Running,Pcp,25.015213671978934,25.027815430231144,,,-,
4209,ГЗУ-12 ввг,1783939282.22,Stop,Pcp,31.74024239133863,31.71076489469271,,,-,
4223,ГЗУ-30 п,1783942702.185,,Srp,0.010022010514114664,0.010109504683065483,,,-,
4224,ГЗУ-34 п,1783942521.926,Running,Pcp,48.49376687554032,48.56869187535349,,,-,
4227,ГЗУ-33а п,1783941412.191,Running,Pcp,12.7900762267434,12.581496538792774,,,-,
4229,ГЗУ-33 п,1783942642.657,,Pcp,31.45272236153109,31.847416552749092,,,-,
4230,ГЗУ-33а п,1783943273.137,Running,Pcp,4.608332309327662,4.5337260157279315,,,-,
4233,ГЗУ-33 п,1774272744.585,Running,Pcp,null,null,,,-,
4234,ГЗУ-33а п,1783941941.32,,Pcp,23.776236031318977,23.928021357257958,,,-,
4249,ГЗУ-11 птв,1773563071.999,Stop,Pcp,null,null,,,-,
4277,ГЗУ-27 п,1783942452.463,,Srp,3.44779882804586,3.6046159737830177,,,-,
4279,ГЗУ-27 п,1783943290.045,Running,Srp,10.467950332127842,10.487323705679165,,,-,
4285,ГЗУ-30а п,1783943062.578,Stop,Pcp,29.13839926270948,29.082348941363854,,,-,
4287,ГЗУ-27 п,1783942748.456,,Srp,0.00047907071313933264,0.00047856578009270725,,,-,
4289,ГЗУ-30а п,1783943500.29,,Srp,27.363991237745662,27.172923100649278,,,-,
4291,ГЗУ-30а п,1778119244.221,,Srp,null,null,,,-,
4294,ГЗУ-30а п,1783942987.016,,Srp,14.275844509639443,12.883393947244254,,,-,
4295,ГЗУ-30а п,1783943157.49,Running,Srp,24.842557166621706,24.927970797774194,,,-,
4321,ГЗУ-31 п,1783943086.093,Stop,Srp,20.67568510008241,20.188835207854748,,,-,
4322,ГЗУ-31 п,1774415414.801,Stop,Srp,null,null,,,-,
4323,ГЗУ-31 п,1783942694.404,Stop,Srp,16.265204183815634,16.28516781419173,,,-,
4324,ГЗУ-31 п,1783943213.704,Stop,Srp,20.827011155375914,20.875198027096474,,,-,
4326,ГЗУ-31 п,1783943059.391,,Pcp,4.435879453206873,4.007244505183183,,,-,
4327,ГЗУ-31 п,1783942734.401,Running,Srp,20.45120216801171,20.179373295132184,,,-,
4328,ГЗУ-31 п,1783942681.662,,Srp,0,0,,,-,
4329,ГЗУ-31 п,1783942492.858,Running,Pcp,27.05377696753274,26.944907248276134,,,-,
4331,ГЗУ-27 п,1783943438.079,,Srp,14.11766021507182,14.22887810193489,,,-,
4333,ГЗУ-31 п,1783943383.076,Stop,Srp,14.125061808816698,14.262026707551563,,,-,
4335,ГЗУ-31 п,1783941437.207,Running,Srp,14.452625428025481,14.409470409174974,,,-,
4338,ГЗУ-31 п,1783942907.897,Running,Srp,34.50255092011279,34.2729773091589,,,-,
4339,ГЗУ-31 п,1783943326.447,Stop,Srp,12.724417351935704,16.70393581236577,,,-,
4347,ГЗУ-9 птв,1783943150.099,Running,Srp,20.08871901457942,19.772571562322344,,,-,
4369,ГЗУ-17 птв,1783940418.584,Running,Pcp,2.679089710297464,2.613588974807169,,,-,
4380,ГЗУ-25 птв,1783942950.413,Running,Pcp,12.874229233536047,12.910365871381364,,,-,
4382,ГЗУ-27 п,1783942865.825,Running,Pcp,49.17304033193705,49.07508293892671,,,-,
4384,ГЗУ-27 п,1783942700.328,Running,Pcp,57.22515079261745,58.43008287402737,,,-,
4385,ГЗУ-27 п,1783942540.025,,Srp,8.33660498676277,8.016585064915319,,,-,
4386,ГЗУ-27 п,1783389632.825,Running,Pcp,null,null,,,-,
4396,ГЗУ-27а п,1783942658.663,,Pcp,15.679900209494013,15.366005128601799,,,-,
4400,ГЗУ-27а п,1783942480.481,Stop,Pcp,6.320534561292085,6.353021474300563,,,-,
4402,ГЗУ-27а п,1783942424.642,Running,Srp,19.579028927262467,19.57602405286942,,,-,
4406,ГЗУ-27а п,1783942357.465,Running,Srp,7.766247399505736,7.800484647992954,,,-,
4408,ГЗУ-32 п,1783942685.864,,Srp,12.077675905137456,11.855949570088407,,,-,
4411,ГЗУ-27а п,1782007239.331,,Pcp,null,null,,,-,
4418,ГЗУ-32 п,1783940468.834,Running,Srp,24.227459705377925,24.252260661737964,,,-,
4424,ГЗУ-32а п,1783942437.145,Running,Srp,28.20622657994375,22.991870791794966,,,-,
4457,ГЗУ-25 птв,1783943013.672,Stop,Srp,13.02561952799738,13.074442995493559,,,-,
4461,ГЗУ-32 п,1783942680.951,Running,Pcp,91.17051981137257,90.80414944370158,,,-,
4462,ГЗУ-32 п,1783070897.394,Running,Srp,null,null,,,-,
4464,ГЗУ-32 п,1783940301.064,Running,Srp,27.486276593791008,26.123330275211337,,,-,
4465,ГЗУ-32 п,1783943520.857,Stop,Pcp,35.31847329210121,35.36344392180065,,,-,
4466,ГЗУ-32 п,1783941919.45,,Pcp,54.62867287316703,53.88792690402673,,,-,
4467,ГЗУ-32 п,1783942048.274,Stop,Pcp,5.644963917803347,5.767152091409997,,,-,
4482,ГЗУ-31 п,1783942359.684,Running,Srp,16.708062144928018,16.754682050543103,,,-,
4483,ГЗУ-31 п,1783940842.275,Running,Srp,0,null,,,-,
4488,ГЗУ-10 птв,1783942872.229,Running,Pcp,41.85940632487313,41.57923158258659,,,-,
4489,ГЗУ-10 птв,1783943186.903,Running,Pcp,49.91245738905279,50.00787416742298,,,-,
4519,ГЗУ-24 птв,1783942477.926,Stop,Pcp,69.16999581424055,69.42865431912313,,,-,
4520,ГЗУ-24 птв,1783943511.223,,Pcp,1.7590310875173332,1.7956366512231916,,,-,
4524,ГЗУ-24 птв,1783943249.877,Running,Pcp,9.561722618823971,9.446211556895301,,,-,
4525,ГЗУ-27а п,1779242443.771,Running,Srp,null,null,,,-,
4526,ГЗУ-27а п,1783942624.96,,Pcp,14.231356928729769,14.318818821909575,,,-,
4530,ГЗУ-27а п,1783943155.895,Stop,Pcp,17.735669781566667,18.045089654452184,,,-,
4531,ГЗУ-27а п,1783941112.691,,Pcp,12.043570863622952,12.04862903923632,,,-,
4532,ГЗУ-27а п,1783943424.028,,Pcp,0.002300002753979818,0,,,-,
4534,ГЗУ-27а п,1783943060.254,Running,Pcp,13.51048140246518,13.408513258717692,,,-,
4535,ГЗУ-27а п,1783943127.654,Running,Pcp,15.450234079047735,11.004812780291125,,,-,
4537,ГЗУ-27а п,1783942524.234,,Pcp,0.48034748089936463,0.548760162084149,,,-,
4538,ГЗУ-27а п,1783943388.529,,Pcp,18.268001841089156,18.125521793168986,,,-,
4539,ГЗУ-32 п,1783943329.571,Stop,Srp,3.615814215389364,3.1966828679406873,,,-,
4544,ГЗУ-32 п,1783943014.458,,Srp,5.5053750415649905,5.4147336052157025,,,-,
4547,ГЗУ-32 п,1781942964.171,Running,Pcp,null,null,,,-,
4568,ГЗУ-21 птв,1783942049.037,Running,Pcp,37.29780395964758,37.09520420586149,,,-,
4579,ГЗУ-21 птв,1783942557.137,Running,Srp,25.812041351105734,26.062418121447276,,,-,
4593,ГЗУ-27а п,1783942472.74,,Srp,10.790895276837125,10.630730048252843,,,-,
4600,ГЗУ-31а п,1783942420.821,Running,Srp,22.439796926173592,22.460651008538413,,,-,
4603,ГЗУ-31а п,1783942437.677,Stop,Srp,3.162682360455695,3.164094116676834,,,-,
4605,ГЗУ-31а п,1783940792.94,Running,Srp,5.8242005257767175,21.009702457481662,1.25,50.3,89.18918918918918,
4606,ГЗУ-31а п,1783940029.311,Stop,Srp,17.74870496851588,17.70427648094926,,,-,
4607,ГЗУ-31а п,1783942736.151,Running,Srp,6.039633491140716,6.023274167180756,,,-,
4608,ГЗУ-31а п,1783943194.457,Running,Srp,19.458110889958956,19.531723091137216,,,-,
4609,ГЗУ-31а п,1783940159.722,Running,Srp,15.081231182477037,15.818660870915314,,,-,
4610,ГЗУ-31а п,1783936807.028,Running,Srp,27.31816336615608,27.01211803114207,,,-,
4616,ГЗУ-31а п,1783936806.721,,Pcp,18.36034120185867,18.440602592384472,,,-,
4617,ГЗУ-31а п,1783942028.579,Stop,Srp,0,0,,,-,
4618,ГЗУ-31а п,1783942733.129,Stop,Srp,1.8057503450029377,8.08267491502043,,,-,
4620,ГЗУ-31а п,1780797637.038,,Srp,null,null,,,-,
4622,ГЗУ-31а п,1783941316.532,Stop,Pcp,3.8140875318531617,2.008980215139541,,,-,
4624,ГЗУ-31а п,1783942826.771,Stop,Srp,18.640702700241683,17.389348610836326,,,-,
4627,ГЗУ-31а п,1783943102.482,,Pcp,13.720831027648138,13.887957570581605,,,-,
4628,ГЗУ-31а п,1783943017.844,,Pcp,17.701278789980773,16.88024535477977,,,-,
4629,ГЗУ-31а п,1783942118.033,,Srp,4.218992629138551,9.567955524414716,,,-,
4631,ГЗУ-31а п,1783943022.212,Running,Srp,8.111753744750398,7.881948790210731,,,-,
4632,ГЗУ-31а п,1783942365.596,Stop,Srp,6.35153787099159,6.24936094329726,,,-,
4633,ГЗУ-31а п,1783942942.622,Stop,Pcp,37.38167919590582,36.208314049374486,,,-,
4634,ГЗУ-31а п,1783941957.274,Running,Pcp,9.880738332587025,10.414552986801395,,,-,
4635,ГЗУ-31а п,1783590549.358,Running,Srp,null,null,,,-,
4642,ГЗУ-10 птв,1783937676.769,,Pcp,9.001939577556257,9.063313141499295,,,-,
4649,ГЗУ-32 п,1783942624.852,,Srp,22.901218976110975,null,,,-,
4650,ГЗУ-31а п,1774340517.608,Running,Pcp,null,null,2.2,23.4,88.51351351351352,
4652,ГЗУ-31а п,1783942533.068,Running,Pcp,48.0850605430854,47.915364478622564,,,-,
4654,ГЗУ-21 птв,1783943489.316,Running,Pcp,12.29670044738576,13.49533491249535,,,-,
4655,ГЗУ-21 птв,1783942437.43,Running,Pcp,12.765403489563939,12.760782014937297,,,-,
4657,ГЗУ-21 птв,1783942889.952,Stop,Pcp,22.223725139220416,22.40097038505461,,,-,
4666,ГЗУ-21 птв,1783936807.528,Stop,Srp,30.55430321265482,31.147381558106645,,,-,
4668,ГЗУ-21 птв,1783942607.356,,Pcp,46.739899618256935,46.3855103119083,,,-,
4670,ГЗУ-27а п,1783664313.603,,Srp,null,null,,,-,
4672,ГЗУ-27а п,1783943124.981,Running,Pcp,83.71601094780264,83.68737369846455,,,-,
4674,ГЗУ-27а п,1783941970.657,,Pcp,52.02116864629845,51.57724468634995,,,-,
4676,ГЗУ-27 п,1783942826.992,,Srp,19.040644158745614,19.288858592482132,,,-,
4684,ГЗУ-32 п,1783942999.017,Running,Pcp,104.62595424605126,104.67068732906615,,,-,
4686,ГЗУ-32 п,1783821631.82,Stop,Pcp,null,null,,,-,
4688,ГЗУ-32 п,1783943135.462,,Pcp,30.14740117973484,30.13479724830889,,,-,
4690,ГЗУ-32 п,1783943392.496,Running,Pcp,15.888920220048732,15.758891778921127,,,-,
4698,ГЗУ-27а п,1783942847.484,Running,Pcp,18.698124341159343,18.38949625334568,,,-,
4699,ГЗУ-27а п,1783941632.779,Stop,Srp,17.63116978003604,18.113185699311334,,,-,
4700,ГЗУ-27а п,1783942479.818,Running,Srp,36.384854147147564,36.355419984639724,,,-,
4702,ГЗУ-32 п,1783940223.319,Stop,Pcp,43.36427239827746,41.85062585914788,,,-,
4703,ГЗУ-32 п,1783943153.916,Running,Srp,29.934641535552277,29.768821828058382,,,-,
4704,ГЗУ-32 п,1783943008.611,Running,Srp,43.318121833840344,43.35470509435866,,,-,
4705,ГЗУ-32 п,1783941902.069,Running,Srp,24.270349243498163,24.136019288049418,,,-,
4706,ГЗУ-32 п,1783943188.758,Running,Srp,47.35875207248268,47.12638484916613,,,-,
4708,ГЗУ-32 п,1783942199.542,,Srp,60.63136107206224,60.54543030722195,,,-,
4710,ГЗУ-32 п,1783942933.21,Running,Pcp,47.81727421612733,null,,,-,
4712,ГЗУ-32 п,1783942014.424,Running,Srp,17.402358576152796,17.41072890453628,,,-,
4714,ГЗУ-32 п,1783939956.727,Running,Srp,44.559950982486555,44.59823782977679,,,-,
4715,ГЗУ-32 п,1783942661.914,Running,Srp,23.565124732273823,23.49880281408957,,,-,
4716,ГЗУ-32а п,1783936966.029,,Srp,40.187451660777654,38.961937170942996,,,-,
4717,ГЗУ-32а п,1781816305.258,Stop,Srp,null,null,,,-,
4718,ГЗУ-32а п,1783942060.863,Running,Srp,18.914377853117436,19.051155302997767,,,-,
4719,ГЗУ-32а п,1783941028.331,,Srp,50.35640027965165,50.39801625050222,,,-,
4721,ГЗУ-32а п,1783942804.202,,Srp,4.721736179080741,11.436294180762191,,,-,
4728,ГЗУ-27а п,1783942349.6,Running,Srp,8.998394263275323,8.84744094518069,,,-,
4730,ГЗУ-27а п,1783942624.068,Running,Srp,35.97683385955554,36.034387413943655,,,-,
4731,ГЗУ-32 п,1783943213.753,Stop,Srp,25.371910170735614,25.20705292306607,,,-,
4732,ГЗУ-32 п,1783942752.132,Running,Srp,46.623310582519814,46.44900556586172,,,-,
4733,ГЗУ-32 п,1783943111.602,Stop,Srp,23.83530519729844,23.75122776537262,,,-,
4734,ГЗУ-32 п,1783942688.901,Running,Pcp,26.86857800631466,26.953997846901853,,,-,
4735,ГЗУ-32 п,1782993419.379,,Pcp,null,null,,,-,
4736,ГЗУ-32 п,1783943325.989,Stop,Srp,29.3641247128789,33.21894338064314,,,-,
4737,ГЗУ-32 п,1783942838.09,Running,Pcp,37.30497713850717,37.429698610437846,,,-,
4738,ГЗУ-32 п,1783942625.062,,Pcp,6.845793375447108,17.36400929423413,,,-,
4739,ГЗУ-32 п,1783941255.289,Running,Pcp,102.18963597959166,96.83324536122889,,,-,
4740,ГЗУ-32 п,1783942908.81,Running,Pcp,63.65848615685333,61.066278710118944,,,-,
4741,ГЗУ-32 п,1783942782.357,Running,Pcp,70.82346990040838,0,,,-,
4743,ГЗУ-32 п,1783942055.498,,Srp,29.79024021903201,29.820963397482945,,,-,
4744,ГЗУ-32 п,1783943199.486,Running,Srp,63.30833498215311,62.97510847944409,,,-,
4746,ГЗУ-32а п,1783942761.354,,Srp,21.516762847974505,21.55269460411571,,,-,
4758,ГЗУ-32а п,1783942885.762,Running,Srp,26.617523553524272,26.304820396859228,,,-,
4759,ГЗУ-32а п,1783943268.484,,Srp,7.675569516072184,7.803180541078531,,,-,
4772,ГЗУ-33 п,1783942456.742,,Srp,18.847639150506986,19.093437335568712,,,-,
4774,ГЗУ-33а п,1783942799.012,,Pcp,3.983831780581342,3.766808523919143,,,-,
4775,ГЗУ-33а п,1783943002.812,,Pcp,64.43321656230859,63.54988224779494,,,-,
4776,ГЗУ-33 п,1783942859.172,,Pcp,3.138265022958568,3.090146447379675,,,-,
4780,ГЗУ-33 п,1783940001.23,Stop,Srp,24.894748651446832,24.8755019693319,,,-,
4781,ГЗУ-33а п,1783942365.743,Running,Pcp,9.348027966764471,8.160868846961662,,,-,
4782,ГЗУ-33 п,1783943347.439,Running,Srp,28.42904846308865,27.645420286086328,,,-,
4783,ГЗУ-33а п,1783942048.136,Stop,Pcp,39.71395853778032,38.323809962618746,,,-,
4785,ГЗУ-33 п,1783942730.021,Stop,Pcp,0,1.8569534204091862,,,-,
4786,ГЗУ-33 п,1783943197.665,,Srp,21.352699660851478,20.440011685289186,,,-,
4791,ГЗУ-18 птв (нов),1783942492.161,Running,Pcp,48.20059525009033,59.518412928075286,,,-,
4793,ГЗУ-18 птв (нов),1783942633.239,Running,Srp,9.671584332010045,9.849815820065915,,,-,
4794,ГЗУ-18 птв (нов),1783943115.234,,Pcp,6.2226715833621,6.274707007217288,,,-,
4800,ГЗУ-30а п,1783943400.103,Running,Srp,21.637212471400037,21.689257282396586,,,-,
4801,ГЗУ-30а п,1777255236.616,,Srp,null,null,,,-,
4803,ГЗУ-30а п,1783943293.161,,Srp,20.22664414201566,null,,,-,
4804,ГЗУ-30а п,1783936807.424,,Srp,13.391898087106648,13.481926556326824,,,-,
4805,ГЗУ-30а п,1783941043.059,,Pcp,5.37711112359756,null,,,-,
4807,ГЗУ-27 п,1783942844.911,,Srp,4.908428086003433,4.4097085756388275,,,-,
4809,ГЗУ-30а п,1783941595.03,,Srp,4.586485271631436,4.4611687738582395,,,-,
4810,ГЗУ-30а п,1783943061.653,Stop,Srp,6.827393915357983,6.887846469725982,,,-,
4812,ГЗУ-30а п,1783943110.058,,Srp,30.99773044814301,30.725273852021566,,,-,
4814,ГЗУ-30а п,1783939595.13,,Srp,13.96688288092342,null,,,-,
4816,ГЗУ-30а п,1783943258.915,Stop,Srp,11.160075269461936,11.255843104414224,,,-,
4817,ГЗУ-30 п,1783940252.019,,Srp,5.567855683093424,5.622301327389301,,,-,
4818,ГЗУ-30а п,1782698435.239,Stop,Srp,null,null,,,-,
4819,ГЗУ-30 п,1783940341.371,,Srp,null,6.456921501918352,,,-,
4820,ГЗУ-30 п,1783925929.024,,Srp,4.953142015263401,null,,,-,
4821,ГЗУ-30 п,1783943041.681,Running,Srp,21.984080045730828,21.821083864205463,,,-,
4823,ГЗУ-30 п,1783943478.681,Running,Srp,81.10772065802952,79.68522640498358,,,-,
4825,ГЗУ-30 п,1783940834.802,,Srp,14.415218377876803,14.489514017315432,,,-,
4828,ГЗУ-30 п,1783943516.273,,Srp,22.246891411496225,21.346521246955295,,,-,
4829,ГЗУ-30 п,1783936806.824,,Srp,9.574872477902126,9.547639945285455,,,-,
4832,ГЗУ-30 п,1783940922.111,,Srp,12.678868446590826,12.543420193920957,,,-,
4835,ГЗУ-30 п,1783941301.104,,Srp,6.960643608734763,null,,,-,
4837,ГЗУ-30 п,1783943077.696,Running,Srp,24.459854332935127,24.66429842021956,,,-,
4839,ГЗУ-30 п,1783927968.436,,Srp,23.548687362766472,null,,,-,
4840,ГЗУ-31а п,1783943287.562,,Srp,4.00569697685641,3.9563096183009074,,,-,
4849,ГЗУ-31а п,1783941521.427,Stop,Srp,12.592492066076076,12.713882928451051,,,-,
4850,ГЗУ-31а п,1783942560.212,Running,Srp,4.242642862424701,4.323545288305633,,,-,
4853,ГЗУ-31а п,1783943412.825,,Srp,14.780058845023026,14.79074944021973,,,-,
4855,ГЗУ-31а п,1783943210.822,Running,Srp,33.315429882216726,33.44229142014338,,,-,
4860,ГЗУ-27 п,1783942023.906,Running,Srp,11.876503909979279,11.941741640021984,,,-,
4861,ГЗУ-27 п,1783942922.692,Stop,Srp,11.022667484595704,11.031096958041996,,,-,
4862,ГЗУ-27 п,1783943500.619,Running,Srp,21.634537910707166,21.540952441412767,,,-,
4863,ГЗУ-30а п,1783942340.348,Stop,Srp,11.794456333244813,11.314988167288666,,,-,
4864,ГЗУ-30а п,1783942974.477,,Srp,7.825886842470811,7.9419326749589425,,,-,
4866,ГЗУ-30а п,1783941024.058,,Srp,4.169125960760003,null,,,-,
4868,ГЗУ-30а п,1783938492.083,,Srp,10.629861913624522,null,,,-,
4870,ГЗУ-30а п,1783943171.531,,Srp,26.809042928700556,26.752479274988826,,,-,
4872,ГЗУ-30 п,1783943313.217,Running,Srp,14.206231346561601,14.1493487380596,,,-,
4878,ГЗУ-30а п,1783942457.63,Stop,Srp,24.898551017467025,25.090902700699072,,,-,
4882,ГЗУ-30а п,1783943277.667,Stop,Srp,53.71413989520861,53.42199528394456,,,-,
4884,ГЗУ-30а п,1780057067.75,Running,Srp,null,null,,,-,
4885,ГЗУ-31а п,1774144846.535,,Srp,null,null,,,-,
4886,ГЗУ-31 б п,1783936806.825,,Srp,4.057629325409715,4.044538805553182,,,-,
4888,ГЗУ-31 б п,1783942435.93,Stop,Srp,2.605224185647972,2.5938095406766353,2.15,38.9,-,
4891,ГЗУ-27 п,1783943166.143,Running,Srp,9.718920416231327,9.630930324117188,,,-,
4899,ГЗУ-30а п,1783913157.115,,Srp,13.958949318187477,null,,,-,
4911,ГЗУ-32 п,1783938459.157,,Srp,13.847321856296077,null,,,-,
4916,ГЗУ-32 п,1783941754.709,Running,Pcp,57.33084442881799,57.60878402918867,,,-,
4920,ГЗУ-32 п,1783940223.043,Stop,Srp,20.900418756393147,null,,,-,
4922,ГЗУ-32 п,1783942985.748,,Pcp,4.95353224857137,3.05946955333184,,,-,
4924,ГЗУ-32а п,1783941754.153,,Srp,20.129886161616835,20.086132994216744,,,-,
4926,ГЗУ-32 п,1783942430.589,,Srp,33.26461239688963,33.329555102718395,,,-,
4929,ГЗУ-31а п,1783942411.653,Running,Pcp,18.152347568297024,18.196933393754183,2.08,47.9,75.74626865671641,
4939,ГЗУ-30б п,1783936806.828,,Pcp,76.43355378610738,76.56062742946901,,,-,
4940,ГЗУ-30б п,1783942576.254,Running,Pcp,79.0849953365378,79.1413506086103,,,-,
4946,ГЗУ-30б п,1783937406.774,,Srp,45.72786236758922,38.086309007591964,,,-,
4947,ГЗУ-30б п,1783936806.628,,Srp,0.8779573798852575,1.3298922327411893,,,-,
4959,ГЗУ-30б п,1783938496.652,Running,Srp,5.596507582420997,5.465818710229017,,,-,
4960,ГЗУ-30б п,1783130425.861,,Pcp,null,null,,,-,
4962,ГЗУ-30б п,1774147730.121,,Srp,null,null,,,-,
4964,ГЗУ-30б п,1783936807.125,Running,Srp,21.784358696102366,21.95989325071188,,,-,
4968,ГЗУ-31 п,1783942503.171,Stop,Srp,19.211959923431266,19.170770649729086,,,-,
4969,ГЗУ-31 п,1783943479.798,Stop,Srp,12.45112861615687,12.545142299163814,2.24,44.8,-,
4984,ГЗУ-31 п,1783943107.91,Stop,Srp,7.504338347946418,7.417926148477625,,,-,
4985,ГЗУ-31 п,1783941628.654,Stop,Srp,0,null,,,-,
4991,ГЗУ-31 б п,1779854095.838,Running,Pcp,null,null,2.06,18,78,
4992,ГЗУ-31 п,1783942334.083,Running,Srp,24.966279929366614,24.931148516017767,,,-,
4993,ГЗУ-31 п,1783943242.777,,Srp,21.419517794044765,21.61671571435673,,,-,
4994,ГЗУ-31 п,1782039306.4,Stop,Srp,null,null,,,-,
4999,ГЗУ-31 п,1783942605.945,Stop,Pcp,63.08790554469281,64.12125215349343,,,-,
5009,ГЗУ-31 б п,1782784837.035,Running,Pcp,null,null,,,-,
5013,ГЗУ-30 п,1783941963.792,Running,Srp,10.5770374507075,10.686405971323532,,,-,
5019,ГЗУ-31 п,1783941721.66,Running,Srp,11.441498087528261,11.475190749589121,,,-,
5022,ГЗУ-31 п,1783941609.675,Stop,Srp,5.661865579634966,5.666794390056627,,,-,
5023,ГЗУ-31 п,1783941705.087,Stop,Srp,null,10.645957260381932,,,-,
5025,ГЗУ-31 п,1783943386.575,,Srp,23.892355183317573,23.7984731117355,,,-,
5026,ГЗУ-30б п,1783941973.299,,Srp,8.381725683458832,8.387726558024315,,,-,
5029,ГЗУ-30а п,1783942828.153,,Srp,8.85282317948131,8.940365597036555,,,-,
5031,ГЗУ-30а п,1783940961.484,,Srp,22.908961025807695,22.502656063857145,,,-,
5033,ГЗУ-30а п,1783936807.423,,Srp,34.51080271310637,34.05552672829867,,,-,
5034,ГЗУ-30а п,1783942630.776,Running,Srp,38.81981792463566,38.64424115741949,,,-,
5035,ГЗУ-30а п,1783943518.919,Running,Srp,41.66055916527526,41.67262028765901,,,-,
5038,ГЗУ-30а п,1783936807.424,,Srp,5.882054527799518,5.754015288194316,,,-,
5040,ГЗУ-30а п,1783936806.927,,Srp,16.312415243614787,0.05683637047449341,,,-,
5042,ГЗУ-30а п,1783943495.249,Stop,Srp,7.621673907786319,20.969118732487427,,,-,
5044,ГЗУ-30а п,1783940624.995,,Srp,14.15531906169679,14.14878847941757,,,-,
5047,ГЗУ-30а п,1783938914.745,Running,Srp,0.0007332570182818033,36.426090339527924,,,-,
5049,ГЗУ-31а п,1783942840.842,,Srp,4.738441769243115,4.75540822044204,,,-,
5050,ГЗУ-31 б п,1783931364.283,,Srp,18.517177834865013,null,,,-,
5061,ГЗУ-18 птв (нов),1783942755.964,Stop,Srp,20.09033025533973,20.242973179605666,,,-,
5062,ГЗУ-18 птв (нов),1783943129.88,Running,Pcp,12.979412759087547,12.95936962177579,,,-,
5064,ГЗУ-18 птв (нов),1783942710.931,,Pcp,2.338233955038254,2.3924179109676134,,,-,
5069,ГЗУ-18 птв (нов),1783942502.97,,Pcp,15.546698922564453,15.545199674784952,,,-,
5073,ГЗУ-18 птв (нов),1783942035.197,Running,Pcp,31.20469824951108,31.247244193474966,,,-,
5077,ГЗУ-18 птв (нов),1783943468.312,Stop,Srp,51.96999595973529,51.62346972958492,,,-,
5081,ГЗУ-27 п,1783921567.015,Running,Srp,47.97277594032942,null,,,-,
5083,ГЗУ-27 п,1783942975.812,,Srp,40.800918712472274,40.45905347541864,,,-,
5084,ГЗУ-27 п,1783942666.96,Running,Srp,8.372309206964603,8.279422737118892,,,-,
5086,ГЗУ-27а п,1783943311.253,Running,Srp,14.847473195501255,15.036743263763986,,,-,
5088,ГЗУ-32а п,1783941847.398,,Srp,23.483029789454335,23.31052906226524,,,-,
5089,ГЗУ-32а п,1783943285.294,,Srp,3.6219497435260237,3.7450289628721234,,,-,
5090,ГЗУ-32а п,1783943443.124,Stop,Srp,37.30296598477213,37.10076479639302,,,-,
5091,ГЗУ-32а п,1783938753.436,Running,Srp,22.993975869849507,22.965028031699532,,,-,
5092,ГЗУ-32а п,1783943245.736,Stop,Srp,26.111664435109585,25.98794646772942,,,-,
5093,ГЗУ-32а п,1783941945.898,Stop,Srp,16.577700858078234,16.64932580573508,,,-,
5094,ГЗУ-32а п,1783943479.063,Running,Srp,36.19090757408445,36.046196737203864,,,-,
5095,ГЗУ-32а п,1783942996.46,Stop,Srp,0,0,,,-,
5097,ГЗУ-32а п,1783943045.142,Stop,Srp,13.676625122471386,11.56260786220517,,,-,
5098,ГЗУ-32а п,1781067073.758,Running,Srp,null,null,,,-,
5099,ГЗУ-32а п,1783940810.998,,Pcp,10.06961931541485,9.638206303542177,,,-,
5100,ГЗУ-30 п,1783943513.253,,Srp,1.26712690784912,8.613335857972977,,,-,
5101,ГЗУ-30 п,1783938268.024,,Srp,11.686622895575184,null,,,-,
5113,ГЗУ-30 п,1783942918.082,,Pcp,24.394805638031993,11.273531141774892,,,-,
5121,ГЗУ-31 п,1783943162.445,Running,Pcp,8.602031524730961,8.115028747392849,0,37.3,-,
5127,ГЗУ-30б п,1783943443.307,,Srp,18.750948203459302,19.16785390806707,,,-,
5128,ГЗУ-30б п,1783941935.05,,Srp,24.773505795057577,24.94911617325365,,,-,
5129,ГЗУ-30б п,1783942931.414,,Srp,23.426927556532455,22.26976923774834,,,-,
5131,ГЗУ-30 п,1783936806.822,,Pcp,31.28040659441279,29.617109075464708,,,-,
5132,ГЗУ-30 п,1783937698.88,,Srp,12.635850704754017,null,,,-,
5134,ГЗУ-30 п,1783936807.224,Running,Srp,13.674393895263906,13.694954797725856,,,-,
5135,ГЗУ-30 п,1783923490.914,Running,Srp,18.633871309779504,null,,,-,
5136,ГЗУ-30 п,1783942343.4,Running,Srp,14.000504980542274,14.310938532201641,,,-,
5137,ГЗУ-30 п,1783943438.484,Running,Srp,19.26232619871984,18.669377084496983,,,-,
5138,ГЗУ-30 п,1783943360.101,Running,Srp,13.321588642152113,13.462182583960749,,,-,
5139,ГЗУ-30 п,1783943032.73,Stop,Srp,10.204966413964726,10.35309532881075,,,-,
5140,ГЗУ-30 п,1783918208.868,,Srp,11.82115913840179,null,,,-,
5141,ГЗУ-30б п,1783943351.314,,Srp,0,0,,,-,
5144,ГЗУ-30 п,1783648823.829,Running,Srp,null,null,,,-,
5148,ГЗУ-30 п,1783942063.716,Running,Srp,5.550828590367859,5.523324986977899,,,-,
5149,ГЗУ-30 п,1783939239.627,,Pcp,3.7927269317445376,5.029394877943403,,,-,
5150,ГЗУ-30 п,1783943167.899,,Srp,8.018174655803431,8.131130465963516,,,-,
5152,ГЗУ-30 п,1783920975.91,,Srp,null,null,,,-,
5154,ГЗУ-30 п,1783942913.51,Stop,Srp,43.31219155665252,43.47860653061797,,,-,
5156,ГЗУ-30 п,1783943314.111,,Srp,0,null,,,-,
5162,ГЗУ-30 п,1783943504.275,Running,Srp,31.363187593215393,31.37919278329699,,,-,
5168,ГЗУ-31 п,1783943492.555,Stop,Srp,22.057285840931158,21.970162770980693,,,-,
5172,ГЗУ-31 п,1783943017.71,,Srp,6.2737097475093675,6.342180142051263,,,-,
5174,ГЗУ-31 п,1783943315.896,Stop,Srp,13.163134181920626,13.258090744089811,,,-,
5178,ГЗУ-31 п,1783942035.641,Stop,Srp,20.658798107706595,20.743351472650247,,,-,
5180,ГЗУ-31 б п,1783941402.694,,Srp,13.131323180175087,13.240567027179939,,,-,
5181,ГЗУ-31 п,1783943203.853,Stop,Srp,27.87999763238856,27.891877001923998,,,-,
5186,ГЗУ-31 п,1783942839.741,Running,Srp,0,null,,,-,
5187,ГЗУ-31 п,1783941968.242,Running,Srp,38.850959984932466,39.21729768649465,,,-,
5190,ГЗУ-31 п,1783942499.83,Running,Srp,0,0,,,-,
5192,ГЗУ-31 п,1783943432.824,Running,Pcp,7.739660249987647,7.499231519759511,,,-,
5197,ГЗУ-31 п,1783941824.337,,Pcp,4.748819178435724,4.728001509345491,,,-,
5208,ГЗУ-27 п,1783942308.584,,Pcp,19.423425887315986,19.153443050430553,,,-,
5210,ГЗУ-32 п,1783943502.618,Running,Srp,10.770189503993894,11.287929052790108,3.36,1064.2,-,
5273,ГЗУ-30а п,1783936807.424,,Srp,30.726303316500882,30.940501621835363,,,-,
5279,ГЗУ-31а п,1782784837.035,Stop,Pcp,null,null,,,-,
5281,ГЗУ-31а п,1783941210.031,Running,Srp,0.7676134891756449,0.4395643102767184,,,-,
5288,ГЗУ-31а п,1783943454.997,Stop,Srp,19.09009289173755,18.784292846624552,,,-,
5291,ГЗУ-31а п,1783940879.679,Running,Pcp,11.987152990751738,0,,,-,
5293,ГЗУ-31а п,1783943465.449,Running,Srp,5.385007656359847,5.345678375850462,,,-,
5294,ГЗУ-31а п,1783942975.764,Running,Pcp,3.2073724608595704,3.1109372237775075,,,-,
5297,ГЗУ-31а п,1783562434.453,,Pcp,null,null,,,-,
5300,ГЗУ-31а п,1783936806.925,,Srp,15.11595175186796,15.10841712448256,,,-,
5302,ГЗУ-31а п,1781705995.515,Running,Pcp,null,null,,,-,
5325,ГЗУ-33 п,1783943349.2,Stop,Pcp,3.2419970034567647,3.272339663360037,,,-,
5329,ГЗУ-33 п,1783940104.227,,Pcp,16.8483984932711,16.970170881586245,,,-,
5334,ГЗУ-33 п,1783941694.651,Stop,Pcp,22.89723882104841,22.906638412826,,,-,
5367,ГЗУ-18 птв (нов),1778983241.467,Stop,Pcp,null,null,,,-,
5368,ГЗУ-18 птв (нов),1779247068.96,,Pcp,null,null,,,-,
5371,ГЗУ-18 птв (нов),1783942064.75,Running,Pcp,25.85283761910232,25.768326062443396,,,-,
5376,ГЗУ-33 п,1783943068.851,Running,Srp,1.3178603544173906,1.3655233517639032,,,-,
5377,ГЗУ-12 ввг,1783942565.236,Stop,Srp,32.365905345196545,32.34689905903369,,,-,
5381,ГЗУ-33а п,1783940411.311,Running,Pcp,36.740260581462145,36.210644241645845,,,-,
5385,ГЗУ-18 птв (нов),1782698435.737,,Pcp,null,null,,,-,
5387,ГЗУ-18 птв (нов),1783943278.52,Running,Pcp,0,0,,,-,
5397,ГЗУ-32а п,1783941999.58,,Pcp,4.128410973511064,4.248310983039386,,,-,
5403,ГЗУ-31а п,1783943506.574,Running,Pcp,18.494006020521134,18.72829792200164,,,-,
5404,ГЗУ-31а п,1783938390.468,,Srp,19.938752976253262,19.411033741553453,,,-,
5408,ГЗУ-32а п,1783942990.67,,Pcp,6.026102781710375,5.19847753323428,,,-,
5411,ГЗУ-31а п,1783942340.677,Stop,Pcp,7.55098421606089,7.569358489140093,,,-,
5418,ГЗУ-32а п,1783942999.592,Running,Pcp,52.23440796540576,52.06125379495659,,,-,
5419,ГЗУ-32а п,1783942613.82,,Srp,23.644718087875624,23.64685934530931,,,-,
5420,ГЗУ-32а п,1783942461.717,Stop,Pcp,50.73560893009624,52.792699553433586,,,-,
5421,ГЗУ-31а п,1783942029.966,,Pcp,42.090853462933346,42.016628576125306,,,-,
5423,ГЗУ-32а п,1783476035.03,Running,Srp,null,null,,,-,
5429,ГЗУ-30 п,1783941834.02,,Srp,16.488271648155138,16.104612956136943,,,-,
5431,ГЗУ-30 п,1783943295.844,Running,Srp,15.796799938443725,15.785269615849232,,,-,
5433,ГЗУ-30 п,1783933144.434,,Srp,5.794004152077163,null,,,-,
5436,ГЗУ-30 п,1783936806.625,,Srp,1.206397199981878,1.1638558608224174,,,-,
5438,ГЗУ-30 п,1783936806.929,,Pcp,4.948405394785524,3.223256232561789,,,-,
5442,ГЗУ-32 п,1783941599.746,,Srp,2.2163275046328725,2.214980638732949,,,-,
5444,ГЗУ-32 п,1783943364.157,Running,Srp,20.281520399216404,20.292913300378242,,,-,
5470,ГЗУ-27 п,1783943026.476,,Pcp,41.567205601718115,40.88686944483472,,,-,
5471,ГЗУ-31а п,1783942627.937,Stop,Srp,11.483430310240813,11.478404064177628,,,-,
5483,ГЗУ-30 п,1783940452.879,,Srp,20.800461237866617,null,,,-,
5484,ГЗУ-30 п,1783938565.231,,Pcp,10.81843481242575,null,,,-,
5486,ГЗУ-30 п,1783919370.247,,Srp,6.043987905819709,null,,,-,
5487,ГЗУ-30 п,1783942639.851,Running,Srp,10.206925839549738,10.180406141560333,,,-,
5490,ГЗУ-30 п,1783936806.828,,Srp,12.3953874926431,11.645920092958264,,,-,
5492,ГЗУ-30 п,1783942432.658,,Srp,18.09236313091593,18.08653662897345,,,-,
5493,ГЗУ-30 п,1783943190.758,Running,Pcp,24.721132646261193,26.204704133241837,,,-,
5495,ГЗУ-30 п,1783942851.394,Stop,Srp,14.391725468907332,14.298797464799401,,,-,
5501,ГЗУ-27 п,1783943477.696,Running,Srp,18.275369067417103,17.942944530795,,,-,
5504,ГЗУ-27 п,1783942116.837,,Pcp,2.487047572337027,2.4781232111731244,,,-,
5511,ГЗУ-27 п,1783942809.388,Stop,Srp,3.3458175634144562,31.49112306770248,,,-,
5519,ГЗУ-30а п,1776764253.663,Running,Srp,null,null,,,-,
5520,ГЗУ-30а п,1783939277.327,,Srp,2.6684049798735474,0.5392844923984963,,,-,
5522,ГЗУ-30а п,1783943205.002,Running,Pcp,13.656938261181665,13.66404136093288,,,-,
5523,ГЗУ-30а п,1783932683.658,,Srp,6.770031453607615,null,,,-,
5524,ГЗУ-30 п,1783940148.879,,Srp,11.518284444973073,null,,,-,
5525,ГЗУ-30 п,1783942372.374,,Srp,13.24364229007182,13.319119795598013,,,-,
5528,ГЗУ-30а п,1783941965.646,Running,Srp,14.532150983158862,14.55354281635231,5.84,16.5,-,
5530,ГЗУ-31а п,1783942623.738,Running,Srp,25.36770648947416,25.323749046534168,,,-,
5535,ГЗУ-30а п,NaN,,Srp,null,null,,,-,
5541,ГЗУ-31а п,1783130426.233,Running,Srp,null,null,,,-,
5543,ГЗУ-27 п,1783942794.149,Stop,Pcp,16.15629867586655,16.334971467062168,,,-,
5552,ГЗУ-27а п,1783943112.659,,Pcp,47.63881537234363,47.69841486762505,,,-,
5553,ГЗУ-27а п,1783941075.373,Running,Srp,18.81711003977014,18.885751897738132,,,-,
5561,ГЗУ-30а п,1783912725.655,,Srp,null,null,,,-,
5563,ГЗУ-30а п,1783942820.851,,Pcp,13.837483727938745,14.038037320048094,,,-,
5564,ГЗУ-30а п,1783938593.263,,Srp,16.7251032282437,null,,,-,
5571,ГЗУ-30а п,1783943415.469,,Srp,14.451145382800997,14.441197291120952,,,-,
5572,ГЗУ-30а п,1783939128.636,,Pcp,2.3814123224460375,null,,,-,
5573,ГЗУ-30а п,1783938971.182,Running,Pcp,25.938939580409578,25.505601858274197,,,-,
5574,ГЗУ-30а п,1783929092.309,,Srp,8.124214408993655,null,,,-,
5576,ГЗУ-30а п,1783943054.664,Stop,Pcp,44.31437687952584,44.484133856849965,1.72,32.6,-,
5577,ГЗУ-30а п,1783942642.351,Stop,Srp,20.796256935273576,20.5299772072689,1.64,63.2,-,
5581,ГЗУ-27а п,1783943038.142,,Pcp,17.075956716692843,1.5812527501439904,,,-,
5584,ГЗУ-32а п,1780279235.045,,Srp,null,null,,,-,
5586,ГЗУ-32а п,1783943122.812,Running,Srp,11.160277168002281,11.090387261864656,,,-,
5592,ГЗУ-32 п,1783940672.419,Running,Pcp,19.946618654755845,19.792712886332268,,,-,
5593,ГЗУ-32 п,1783941517.468,Running,Pcp,12.803282672792129,10.758076720969425,,,-,
5594,ГЗУ-32 п,1783942878.063,Running,Srp,22.13474407223951,22.079090150380868,,,-,
5595,ГЗУ-32 п,1783940242.524,,Pcp,3.6778203068639663,3.7295244069171294,,,-,
5596,ГЗУ-32а п,1775529816.021,Stop,Pcp,null,null,,,-,
5598,ГЗУ-32а п,1783940236.238,,Srp,2.1178896548113793,1.8326795988181803,,,-,
5604,ГЗУ-32а п,1783942252.53,Running,Pcp,0,0,,,-,
5606,ГЗУ-32 п,1783942961.536,,Pcp,38.521214341518665,38.451467843294246,,,-,
5623,ГЗУ-27 п,1773050822.832,,Pcp,null,null,,,-,
5625,ГЗУ-27 п,1783943407.972,Running,Pcp,7.545575426681092,7.278527367117985,,,-,
5626,ГЗУ-32а п,1783941867.862,Stop,Pcp,6.470493782186091,5.805494270535888,,,-,
5629,ГЗУ-27 п,1783942230.216,Stop,Pcp,9.93179481061601,10.02428279725109,,,-,
5630,ГЗУ-27 п,1783940138.453,Running,Srp,10.54744571083815,11.058688829236361,,,-,
5631,ГЗУ-27 п,1783943362.398,Running,Pcp,14.397304486628638,14.576812988247188,,,-,
5632,ГЗУ-27 п,1783936807.423,Stop,Pcp,5.622935179027037,5.467992851647381,,,-,
5650,ГЗУ-27а п,1783943519.824,Running,Pcp,15.59573155926731,15.268795491387733,2.28,40.8,-,
5652,ГЗУ-27а п,1783942564.073,Running,Pcp,5.257176778559687,4.673084580934916,2.62,36.4,-,
5655,ГЗУ-27а п,1783943111.501,Running,Pcp,0,0,0,0,-,
5665,ГЗУ-27а п,1783943127.362,,Pcp,84.4988861875436,84.48946700912028,,,-,
5667,ГЗУ-31а п,1783053246.048,,Pcp,null,null,,,-,
5680,ГЗУ-32а п,1783821631.521,,Pcp,null,null,,,-,
5746,ГЗУ-33 п,1783943082.511,,Pcp,7.85599497200745,8.122041106843282,,,-,
5751,ГЗУ-33 п,1783940321.333,,Srp,27.007387435015282,26.872717027050975,,,-,
5752,ГЗУ-33 п,1783942713.13,Stop,Srp,29.52789955781234,29.507603690647162,,,-,
5754,ГЗУ-33 п,1783942343.343,Running,Pcp,30.504434172758007,31.485723050100393,,,-,
5756,ГЗУ-33 п,1780538435.965,Running,Srp,null,null,,,-,
5759,ГЗУ-33 п,1783942094.724,,Srp,0,0,,,-,
5760,ГЗУ-33 п,1783942741.555,,Pcp,22.359857758722818,22.50652670930162,,,-,
5763,ГЗУ-33 п,1783943315.348,Running,Srp,0,0,,,-,
5766,ГЗУ-33 п,1783942381.048,Stop,Srp,25.882469701925228,25.861528055579676,,,-,
5767,ГЗУ-33 п,1783942592.176,,Pcp,5.787855487112998,5.82188718281175,,,-,
5769,ГЗУ-33 п,1783942642.105,,Srp,24.742888895547544,null,,,-,
5772,ГЗУ-33 п,1779933643.438,Stop,Srp,null,null,,,-,
5774,ГЗУ-33 п,1783942393.776,,Pcp,19.946672607732154,19.7808533739953,,,-,
5775,ГЗУ-33 п,1783941663.712,Running,Pcp,5.890097489640367,5.940786446723484,,,-,
5777,ГЗУ-33 п,1783943090.231,Stop,Srp,39.57428913704684,39.56043836683255,,,-,
5778,ГЗУ-33 п,1781488837.664,Running,Srp,null,null,,,-,
5780,ГЗУ-33 п,1783943459.61,Running,Pcp,33.7960282083581,33.67208285486863,,,-,
5784,ГЗУ-33 п,1783943260.663,,Srp,71.53439118161295,70.4956652117914,,,-,
5785,ГЗУ-33 п,1783942761.275,Running,Srp,28.376597670536682,28.3526353147508,,,-,
5787,ГЗУ-33 п,1783942563.758,Running,Pcp,37.56642103455084,37.792856582301724,,,-,
5791,ГЗУ-33 п,1783942813.513,Running,Pcp,15.465919340045746,15.609018299867136,,,-,
5796,ГЗУ-33 п,1783938057.472,,Srp,11.052137440066325,10.800292600404207,,,-,
5797,ГЗУ-33 п,1783942406.317,Running,Srp,18.92860440225885,18.74065749412609,,,-,
5799,ГЗУ-33 п,1783943353.653,,Pcp,3.0670208579558995,2.99791292212941,,,-,
5801,ГЗУ-33 п,1783942467.482,,Pcp,27.96169193186683,28.160878727383277,,,-,
5802,ГЗУ-33 п,1783942341.663,Stop,Srp,26.743738528773218,26.748908049475073,,,-,
5803,ГЗУ-33 п,1783941413.855,Stop,Srp,32.79358269568365,32.93862635470115,,,-,
5807,ГЗУ-33 п,1783943336.635,Stop,Srp,19.369334014499156,36.305821221105475,,,-,
5811,ГЗУ-33 п,1782784837.732,Running,Pcp,null,null,,,-,
5812,ГЗУ-33 п,1783914182.882,Stop,Srp,0,null,,,-,
5813,ГЗУ-33 п,1783943407.957,Stop,Srp,42.47204834495579,41.86798626850059,,,-,
5815,ГЗУ-33 п,1783943004.841,Stop,Srp,7.931922221181714,0,,,-,
5816,ГЗУ-33 п,1783943345.465,Stop,Srp,11.32387548434286,11.459339089879458,,,-,
5818,ГЗУ-33 п,1783940684.065,,Pcp,21.748241278634787,21.717616646365723,,,-,
5820,ГЗУ-33 п,1782039556.448,,Pcp,null,null,,,-,
5822,ГЗУ-33 п,1783943473.64,Stop,Pcp,16.053813098237946,16.203784240894837,,,-,
5823,ГЗУ-33 п,1783942673.208,Stop,Srp,32.170364559002124,32.27569837365279,,,-,
5825,ГЗУ-33 п,1783942804.892,,Srp,32.18223485531178,32.17978276046194,,,-,
5827,ГЗУ-33 п,1783942027.061,Running,Srp,21.692142734168705,21.595036047818663,,,-,
5833,ГЗУ-33 п,1783942361.442,Stop,Srp,13.130884029939978,12.763515274690572,,,-,
5834,ГЗУ-33 п,1783943411.842,Running,Pcp,0,0,,,-,
5835,ГЗУ-33 п,1783940577.173,Running,Pcp,1.6605139050880067,0.4741614341153946,,,-,
5836,ГЗУ-33 п,1783943226.688,Running,Pcp,23.55299955559349,23.464771141354767,,,-,
5841,ГЗУ-33 п,1783942907.88,Running,Pcp,1.6509919857420057,1.6403163233624805,,,-,
5843,ГЗУ-33 п,1783613973.539,,Srp,null,null,,,-,
5844,ГЗУ-33 п,1783942090.16,Stop,Srp,37.196722078094304,35.98374546091581,,,-,
5846,ГЗУ-33 п,1783850837.153,Stop,Srp,null,null,,,-,
5847,ГЗУ-33 п,1783942829.686,Stop,Srp,15.748915280721418,15.753920702207328,,,-,
5852,ГЗУ-33 п,1783942458.095,Stop,Srp,19.70806906710064,19.70063016487428,,,-,
5853,ГЗУ-33 п,1783942978.974,Running,Srp,11.613537237524708,11.728848408824017,,,-,
5857,ГЗУ-33 п,1783943300.557,Running,Srp,10.948450096366994,11.016414633073989,,,-,
5859,ГЗУ-33 п,1783942123.375,Stop,Srp,6.841322556078966,null,,,-,
5860,ГЗУ-33 п,1783940481.241,Running,Pcp,10.095091480046268,10.23013796772995,,,-,
5861,ГЗУ-33 п,1783941996.434,,Srp,33.456648739599,33.391575310862954,,,-,
5863,ГЗУ-33 п,1783939970.192,Stop,Pcp,19.245686620427257,19.412431082638854,,,-,
5867,ГЗУ-33 п,1783942693.742,Running,Srp,19.430831602650194,22.42340093661531,,,-,
5868,ГЗУ-33 п,1783942955.552,Running,Srp,14.383592658364174,14.401619502089355,,,-,
5871,ГЗУ-33 п,1783936807.823,Stop,Pcp,19.594547283352075,19.422719692694972,,,-,
5874,ГЗУ-33 п,1783942881.191,Running,Pcp,7.916233460562343,7.981043645743035,,,-,
5876,ГЗУ-30а п,1783937482.455,,Srp,19.97561088554383,20.033858735125712,,,-,
5896,ГЗУ-18 птв (нов),1783943083.028,Running,Pcp,9.223949601426368,9.129436985034376,,,-,
5897,ГЗУ-18 птв (нов),1783941550.28,Running,Pcp,19.602280092925472,19.785942125185304,,,-,
5898,ГЗУ-18 птв (нов),1783593080.623,,Srp,null,null,,,-,
5900,ГЗУ-18 птв (нов),1783942987.088,Stop,Pcp,8.185904348270826,14.357671350982615,,,-,
5901,ГЗУ-11 птв,1783941220.214,Running,Srp,3.049128946710382,2.501204110546199,,,-,
5902,ГЗУ-18 птв (нов),1782698435.736,,Pcp,null,null,,,-,
5903,ГЗУ-18 птв (нов),1781661634.652,,Pcp,null,null,,,-,
5909,ГЗУ-18 птв (нов),1783942629.638,Running,Pcp,4.704980702771166,4.619811964316922,,,-,
5911,ГЗУ-18 птв (нов),1783943193.883,,Pcp,6.828753542890294,6.971904285563957,,,-,
5914,ГЗУ-18 птв (нов),1783940111.029,,Srp,1.3169898387347763,1.406773424789413,,,-,
5915,ГЗУ-18 птв (нов),1783942919.893,,Srp,1.654428607048111,2.2725274155274136,,,-,
5916,ГЗУ-18 птв (нов),1782177819.326,,Pcp,null,null,,,-,
5917,ГЗУ-18 птв (нов),1783943267.256,Running,Pcp,18.95153643709306,19.071281416257122,,,-,
5918,ГЗУ-18 птв (нов),1776581028.679,,Pcp,null,null,,,-,
5919,ГЗУ-18 птв (нов),1782007240.032,,Pcp,null,null,,,-,
5921,ГЗУ-18 птв (нов),1783943280.513,Running,Pcp,1.0549652749377987,0.9340973541038152,,,-,
6005,ГЗУ-12а ввг,1783941990.011,Stop,Srp,33.98084547375888,33.93577794526455,,,-,
6007,ГЗУ-12а ввг,1783940062.885,,Pcp,5.7041090362532465,5.869462762282158,,,-,
6012,ГЗУ-12а ввг,1782400060.804,Stop,Pcp,null,null,,,-,
6014,ГЗУ-12а ввг,1783941480.459,Stop,Pcp,0,0,,,-,
6015,ГЗУ-12а ввг,1783941717.716,Running,Srp,0.7706853523316533,0.7709624696011063,0.09,36.3,-,
6018,ГЗУ-12а ввг,1783936806.624,,Pcp,13.81881030575316,13.489307521358874,,,-,
6019,ГЗУ-12а ввг,1783939704.888,Stop,Pcp,3.6333144491735783,3.9640811380538445,,,-,
6020,ГЗУ-12а ввг,1783942663.678,Running,Pcp,7.264339667014548,7.581294460924451,,,-,
6021,ГЗУ-12а ввг,1783942623.629,Running,Pcp,6.48669335575999,6.367214143949857,,,-,
6022,ГЗУ-12а ввг,1783940962.969,,Pcp,5.865928756918631,5.738264208283898,,,-,
6023,ГЗУ-12а ввг,1783939834.211,Stop,Pcp,15.003048475623789,15.018759956068974,,,-,
6024,ГЗУ-12а ввг,1783942425.944,Running,Pcp,26.036635286081783,26.174891728488657,,,-,
6025,ГЗУ-12а ввг,1783942778.038,Running,Pcp,35.08010991907917,35.29040338794117,,,-,
6028,ГЗУ-12а ввг,1783942930.442,Stop,Pcp,44.40189924465015,44.106562692537764,,,-,
6030,ГЗУ-12а ввг,1783942567.265,Stop,Pcp,12.612290150336548,12.257275447990143,,,-,
6032,ГЗУ-12а ввг,1783943211.171,Stop,Pcp,42.294409083334365,42.844015662606836,,,-,
6034,ГЗУ-12а ввг,1783942816.186,Stop,Pcp,16.55702300470474,16.473666142388865,,,-,
6038,ГЗУ-12а ввг,1780230004.987,Stop,Srp,null,null,,,-,
6040,ГЗУ-12а ввг,1783943165.359,Stop,Srp,30.486720816266274,30.362214221899844,,,-,
6044,ГЗУ-12а ввг,1783940242.721,Stop,Pcp,33.09590256773353,35.39380500622318,,,-,
6045,ГЗУ-12а ввг,1783941848.228,,Pcp,35.01043275255638,35.117130526027935,,,-,
6046,ГЗУ-12а ввг,1783942632.199,Running,Srp,28.951170463974844,28.68784565191419,,,-,
6047,ГЗУ-12а ввг,1783942341.031,Running,Pcp,42.402305435272,42.614441487136894,,,-,
6048,ГЗУ-12а ввг,1783942400.53,,Pcp,26.41141911822228,26.306808435221626,,,-,
6049,ГЗУ-12а ввг,1783942838.303,Stop,Pcp,39.38903783142949,39.19641897495759,,,-,
6050,ГЗУ-12а ввг,1783942709.65,Stop,Pcp,2.6014686914943015,4.1551485113250415,,,-,
6053,ГЗУ-12а ввг,1783942712.96,Stop,Pcp,7.320157836001398,6.172086656830792,,,-,
6055,ГЗУ-12а ввг,1783940341.591,Stop,Pcp,84.29947317008131,84.61389140991395,,,-,
6057,ГЗУ-12а ввг,1783942784.705,Stop,Pcp,55.49275923253411,55.49168129474772,,,-,
6059,ГЗУ-12а ввг,1783943471.389,Running,Pcp,44.43588876526495,44.31324278982538,,,-,
6061,ГЗУ-12а ввг,1780827480.646,Stop,Pcp,null,null,,,-,
6063,ГЗУ-12а ввг,1783943428.248,Stop,Srp,39.533312010461465,39.536943846062876,,,-,
6069,ГЗУ-12а ввг,1778292035.457,,Pcp,null,null,,,-,
6070,ГЗУ-12а ввг,1783942710.833,Running,Pcp,54.99030634035902,54.5269296974801,,,-,
6072,ГЗУ-12а ввг,1783942493.378,Stop,Pcp,43.635983132309235,43.77752506837234,,,-,
6073,ГЗУ-12а ввг,1783942696.582,,Pcp,14.963759406674514,14.547884489856134,,,-,
6074,ГЗУ-12а ввг,1783943395.042,Stop,Pcp,21.24790599312269,22.349419530550207,,,-,
6075,ГЗУ-12а ввг,1783942397.826,Running,Srp,38.680757272253054,38.859269685448666,,,-,
6076,ГЗУ-12а ввг,1783943518.725,Stop,Pcp,33.839404143796635,33.802747671195434,,,-,
6077,ГЗУ-12а ввг,1783936807.823,Stop,Pcp,4.515163893050983,4.941932985477456,,,-,
6078,ГЗУ-12 ввг,1783942257.126,Stop,Pcp,25.373414518970787,24.772473627107072,,,-,
6082,ГЗУ-12а ввг,1783943362.547,Stop,Pcp,34.56745576461132,34.41107194841533,,,-,
6085,ГЗУ-12а ввг,1783943401.56,Stop,Pcp,17.061349644298634,17.092758305269623,,,-,
6087,ГЗУ-12а ввг,1783942462.504,,Srp,3.0737869783281435,3.0625256067517896,,,-,
6089,ГЗУ-12а ввг,1783942985.904,Running,Pcp,0,0,,,-,
6091,ГЗУ-12а ввг,1783943170.554,Running,Pcp,14.581062218098214,14.48978987419414,,,-,
6093,ГЗУ-12а ввг,1783941547.272,Running,Pcp,2.590302732713649,2.5681133805349745,,,-,
6095,ГЗУ-12 ввг,1783942631.029,Running,Pcp,5.359091525610468,5.393417448265511,,,-,
6099,ГЗУ-12а ввг,1783943091.966,Stop,Pcp,11.894620723459038,11.9160679392337,,,-,
6100,ГЗУ-12а ввг,1783941743.99,,Srp,45.52234556678081,45.43300078256012,,,-,
6102,ГЗУ-12а ввг,1783941372.167,Stop,Srp,38.585846490397536,38.553271990389085,,,-,
6103,ГЗУ-12а ввг,1783943487.735,Running,Pcp,18.78589855511229,18.73757899463844,,,-,
6104,ГЗУ-12а ввг,1783942781.15,Running,Pcp,24.546650178219085,24.68599004334968,,,-,
6105,ГЗУ-12а ввг,1783943107.886,Running,Pcp,30.577423544110946,30.413604450473198,,,-,
6106,ГЗУ-12а ввг,1783943001.657,Running,Srp,0.03445364421007338,0.10173451213148937,,,-,
6107,ГЗУ-12а ввг,1783940359.836,Stop,Pcp,0,0,,,-,
6108,ГЗУ-12а ввг,1783941448.431,,Pcp,1.9843261708850999,0,,,-,
6109,ГЗУ-12а ввг,1783940117.945,Stop,Pcp,17.662452096556276,17.490041201648925,,,-,
6110,ГЗУ-12 ввг,1783942457.114,Running,Pcp,19.88617173798075,20.0746792528614,,,-,
6111,ГЗУ-12 ввг,1783943138.077,,Pcp,28.191701828070624,28.07492578472914,,,-,
6115,ГЗУ-12а ввг,1783942738.238,,Pcp,69.36747241898682,69.52603318290143,,,-,
6117,ГЗУ-12а ввг,1783942995.764,Stop,Pcp,33.013158794782356,32.120254058612126,,,-,
6119,ГЗУ-12а ввг,1783942932.172,Stop,Pcp,13.175941541110564,13.171636670067652,,,-,
6122,ГЗУ-12а ввг,1783941639.191,Stop,Pcp,30.8621981920449,31.02050168420884,,,-,
6129,ГЗУ-12 ввг,1783942091.799,Stop,Pcp,9.574875388526339,9.811417145859727,,,-,
6130,ГЗУ-12 ввг,1783942793.425,,Pcp,0,0,,,-,
6135,ГЗУ-12а ввг,1783938139.287,Running,Pcp,8.181781839461422,8.393532252300595,,,-,
6137,ГЗУ-12а ввг,1783942584.833,Running,Pcp,42.35699911536397,42.323178222831466,,,-,
6138,ГЗУ-12а ввг,1783941838.026,,Srp,47.66739595581035,47.59647643465248,,,-,
6139,ГЗУ-12а ввг,1783943507.481,,Srp,1.6386143029178126,1.8161875888790728,,,-,
6145,ГЗУ-12а ввг,1783940580.985,Stop,Pcp,21.466102862044803,21.496694663742193,,,-,
6155,ГЗУ-12 ввг,1783942925.769,Stop,Pcp,37.49625788612612,37.42706708236753,,,-,
6161,ГЗУ-12 ввг,1783943091.415,Stop,Pcp,23.338588577117992,23.244795985737365,,,-,
6188,ГЗУ-12а ввг,1783943231.63,Stop,Pcp,19.22440640295456,21.33073388543473,,,-,
6189,ГЗУ-12а ввг,1783943491.99,,Pcp,15.52173860552885,15.79360506788869,,,-,
6197,ГЗУ-12а ввг,1783943489.268,Stop,Pcp,5.579802449290091,5.642032548822808,,,-,
6198,ГЗУ-12а ввг,1783940064.808,,Pcp,2.0466280368479266,2.007976085027901,,,-,
6201,ГЗУ-12а ввг,1783942949.792,Running,Pcp,10.609843412858638,11.86032534300495,,,-,
6203,ГЗУ-12а ввг,1783942624.226,,Pcp,19.330200873811275,19.5335169803275,,,-,
6205,ГЗУ-12а ввг,1783942715.634,Running,Srp,42.57566986014715,42.49086667933746,,,-,
6210,ГЗУ-12а ввг,1783940646.995,,Pcp,11.943601059310767,12.24079570268463,,,-,
6212,ГЗУ-12а ввг,1783942993.061,Stop,Pcp,18.407312009777968,18.439041551772963,,,-,
6213,ГЗУ-12а ввг,1783943085.754,,Pcp,0.8985210909194509,0.9619146831545932,,,-,
6215,ГЗУ-12а ввг,1783941148.725,Stop,Pcp,36.06506654605882,35.82848630039664,,,-,
6219,ГЗУ-12а ввг,1783936807.73,Running,Pcp,0,0,,,-,
6223,ГЗУ-12а ввг,1782040427.097,,Pcp,null,null,,,-,
6226,ГЗУ-12а ввг,1783942617.676,Stop,Pcp,41.27121769624201,40.07405809531433,,,-,
6227,ГЗУ-12а ввг,1783049081.717,,Pcp,null,null,,,-,
6228,ГЗУ-12 ввг,1783943265.954,Running,Srp,43.97921653593638,47.42031837865132,,,-,
6229,ГЗУ-12 ввг,1783942723.087,Stop,Pcp,17.7228023488883,16.261622159726535,,,-,
6233,ГЗУ-12 ввг,1783940414.882,,Pcp,42.90346468579065,42.74428832727368,,,-,
6242,ГЗУ-12 ввг,1783941469.171,Stop,Pcp,21.705183881055287,21.637030337749344,,,-,
6244,ГЗУ-12 ввг,1783942458.207,Stop,Pcp,29.930511247600247,30.00037270070538,,,-,
6246,ГЗУ-12 ввг,1783943065.146,Running,Pcp,0.4018837268244387,0.39655309933820637,,,-,
6249,ГЗУ-12а ввг,1783942465.859,,Pcp,0,0,,,-,
6254,ГЗУ-12а ввг,1783943099.594,Stop,Pcp,8.818097780462242,8.871514924254472,,,-,
6257,ГЗУ-12а ввг,1783941789.135,Running,Srp,44.288141099964726,44.302898741677275,,,-,
6259,ГЗУ-12а ввг,1780228729.557,,Pcp,null,null,,,-,
6261,ГЗУ-12а ввг,1783942207.026,,Pcp,14.20654974045906,14.31185733011579,,,-,
6265,ГЗУ-12а ввг,1780229842.438,Running,Srp,null,null,,,-,
6266,ГЗУ-12а ввг,1783943481.335,Running,Srp,13.893761077149147,15.104277409461192,,,-,
6267,ГЗУ-12а ввг,1783931559.094,,Pcp,39.59959383822878,null,,,-,
6268,ГЗУ-12а ввг,1783941194.325,Stop,Pcp,10.495776811746572,10.471279466887736,,,-,
6274,ГЗУ-12а ввг,1783940441.632,Running,Pcp,34.360129268920325,34.04992394691987,,,-,
6276,ГЗУ-12а ввг,1783938230.283,Running,Srp,4.06184188431809,null,,,-,
6283,ГЗУ-12а ввг,1783936807.82,Stop,Pcp,null,61.40906471622001,,,-,
6287,ГЗУ-12а ввг,1783924731.802,,Pcp,55.12017732507644,null,,,-,
6289,ГЗУ-12а ввг,1783943310.282,Stop,Srp,1.147268844873836,0,,,-,
6293,ГЗУ-12а ввг,1783942017.393,Stop,Pcp,33.23097279128738,33.23842243280019,,,-,
6294,ГЗУ-12а ввг,1783943429.027,Stop,Srp,5.460689484670208,5.074095267800022,,,-,
6297,ГЗУ-12а ввг,1783942399.276,Stop,Srp,14.136316484383654,14.858208402626227,,,-,
6304,ГЗУ-12а ввг,1783942953.838,,Pcp,0,null,,,-,
6305,ГЗУ-12а ввг,1783943361.018,,Pcp,36.928808124377014,36.832902288039314,,,-,
6306,ГЗУ-12а ввг,1783908037.127,Running,Srp,58.484320901598025,null,,,-,
6307,ГЗУ-12 ввг,1783943175.079,Running,Pcp,53.530195225965926,53.77762262784917,,,-,
6308,ГЗУ-12 ввг,1783942551.517,Running,Pcp,62.48578257542764,62.627921491686884,,,-,
6320,ГЗУ-12а ввг,1783941394.367,Running,Srp,6.398346057599365,6.306358723738928,,,-,
6322,ГЗУ-12а ввг,1783942700.874,Stop,Pcp,17.19322145942565,17.123289753018835,,,-,
6324,ГЗУ-12а ввг,1783942854.665,,Pcp,19.53604392074469,19.261898020987093,,,-,
6326,ГЗУ-12а ввг,1783943015.664,,Srp,44.67246953354843,44.24599053915646,,,-,
6328,ГЗУ-12 ввг,1783942720.732,Running,Pcp,52.983327060400505,52.91430502924548,,,-,
6330,ГЗУ-12 ввг,1783942588.591,,Pcp,77.67889181176112,83.48818441510666,,,-,
6344,ГЗУ-12а ввг,1783936807.722,Running,Srp,0,44.142213008820576,,,-,
6345,ГЗУ-12а ввг,1783943412.691,,Srp,33.156239551978516,32.754366804375884,,,-,
6346,ГЗУ-12 ввг,1783943421.087,Stop,Pcp,52.42671006588433,52.290242442105885,,,-,
6347,ГЗУ-12 ввг,1783942522.371,Stop,Pcp,66.96731759738857,66.67992650131674,,,-,
6348,ГЗУ-12 ввг,1783942669.559,,Pcp,113.68205386139621,113.40246872907669,,,-,
6362,ГЗУ-12 ввг,1783943180.189,Running,Pcp,28.911075022200805,25.82662404847455,,,-,
6364,ГЗУ-12 ввг,1783943341.392,Running,Pcp,36.50720676472253,36.84293558807757,,,-,
6366,ГЗУ-12 ввг,1783943397.193,Stop,Pcp,36.61510430566038,36.7407949143328,,,-,
6369,ГЗУ-12 ввг,1783942374.337,Running,Pcp,87.22325515553061,87.68008632045876,,,-,
6370,ГЗУ-12 ввг,1783937751.176,Stop,Pcp,61.80730123115946,0,,,-,
6376,ГЗУ-12 ввг,1783942499.375,Stop,Pcp,32.791902017588896,32.85986791265301,,,-,
6377,ГЗУ-12 ввг,1783942632.984,,Srp,36.844771509704245,36.843254848384156,,,-,
6378,ГЗУ-12 ввг,1783943041.694,Stop,Srp,43.07813949281669,36.39463809978263,,,-,
6379,ГЗУ-12 ввг,1783943332.201,Stop,Srp,42.755018893131556,42.66587046429631,,,-,
6380,ГЗУ-12 ввг,1783941986.797,Running,Srp,35.011192071229694,34.91663385796885,,,-,
6381,ГЗУ-12 ввг,1783942466.35,Running,Srp,27.743377692123513,27.978641764293084,,,-,
6387,ГЗУ-12 ввг,1783942991.591,Stop,Srp,41.020741206377146,40.14681554951276,,,-,
6390,ГЗУ-12 ввг,1783943093.228,Stop,Pcp,49.62224350627818,49.538355813227625,,,-,
6397,ГЗУ-12 ввг,1783943274.881,,Pcp,28.835531533157265,28.40988371067268,,,-,
6410,ГЗУ-12 ввг,1783940032.22,Running,Pcp,36.05978391995623,35.61844212070013,,,-,
6412,ГЗУ-12 ввг,1783943456.064,Stop,Pcp,54.29893164882199,35.46351866990712,,,-,
6417,ГЗУ-12 ввг,1783940451.73,Running,Pcp,13.065287210341529,12.994340804296089,,,-,
6447,ГЗУ-9 птв,1783940298.779,Running,Pcp,38.153814150987685,38.53661665848182,,,-,
6469,ГЗУ-12 ввг,1780039744.529,Stop,Pcp,null,null,,,-,
6470,ГЗУ-12 ввг,1783941447.052,,Pcp,5.226447772606928,5.300005805178182,,,-,
6471,ГЗУ-12 ввг,1783943184.292,Running,Pcp,4.346700898417062,3.8699124558807836,0,34.4,-,
6473,ГЗУ-12 ввг,1780452038.939,Running,Pcp,null,null,,,-,
6477,ГЗУ-12 ввг,1783940344.237,Stop,Pcp,10.048513356623616,10.180825068122026,,,-,
6499,ГЗУ-9 птв,1783943038.612,,Pcp,19.95058850482977,19.895820563888083,,,-,
6516,ГЗУ-18 птв,1783942831.357,Running,Pcp,5.105865000646296,4.986847891213119,,,-,
6517,ГЗУ-18 птв,1783942919.755,Running,Pcp,40.77422847546905,40.539443262357686,,,-,
6522,ГЗУ-27 п,1783942909.053,Running,Pcp,15.711767901313035,20.727861542869725,,,-,
6524,ГЗУ-27 п,1783943078.996,Stop,Pcp,14.00538728148886,13.164545462669357,,,-,
6525,ГЗУ-27 п,1783943305.91,Running,Pcp,13.692108329850605,13.341340331217886,,,-,
6526,ГЗУ-27 п,1783941915.498,Running,Srp,24.97666064231729,25.255838340699796,,,-,
6528,ГЗУ-27 п,1783943327.161,,Srp,32.938717452227586,33.15766274456695,,,-,
6537,ГЗУ-34 п,1783942239.756,,Srp,57.649389630880556,57.68498874463586,,,-,
6541,ГЗУ-33 п,1783943196.853,,Srp,1.87711193105778,1.7822697163147638,,,-,
6565,ГЗУ-9 птв,1780230113.547,,Pcp,null,null,,,-,
6566,ГЗУ-11 птв,1783943302.657,Running,Pcp,16.494822814272105,16.743460579503918,,,-,
6567,ГЗУ-12 ввг,1783943336.753,Stop,Srp,16.363736749612578,16.44090789606923,,,-,
6568,ГЗУ-5 ввг,1783942702.164,Stop,Srp,22.999248645398108,23.60876647720619,,,-,
6569,ГЗУ-5 ввг,1783941595.409,Stop,Pcp,40.85518425759083,40.88774798490123,,,-,
6572,ГЗУ-5 ввг,1783942421.808,Stop,Srp,3.672966785838746,3.274317888536969,,,-,
6588,ГЗУ-34 п,1783943364.786,Stop,Pcp,84.26595011339744,84.81817782145185,,,-,
6589,ГЗУ-34 п,1783914551.154,Running,Pcp,66.52960837919278,null,,,-,
6591,ГЗУ-34 п,1778651523.074,,Srp,null,null,,,-,
6592,ГЗУ-34 п,1781143236.77,Running,Srp,null,null,,,-,
6594,ГЗУ-34 п,1783942706.236,Running,Srp,13.040577335582386,12.858540376724902,,,-,
6601,ГЗУ-9 птв,1783940738.928,Stop,Srp,40.65641543071317,40.65478588141916,,,-,
6603,ГЗУ-9 птв,1783942804.357,Stop,Srp,27.72285446751385,26.912043119881563,,,-,
6604,ГЗУ-33а п,1783942361.125,Running,Pcp,80.49901280982978,80.35817949619258,,,-,
6605,ГЗУ-33а п,1783942511.238,Running,Pcp,32.49931814857148,31.67242472412769,,,-,
6606,ГЗУ-33а п,1781661635.057,Running,Srp,null,null,,,-,
6607,ГЗУ-33а п,1783941971.987,Running,Pcp,35.36186163678771,35.4548453684241,,,-,
6609,ГЗУ-9 птв,1783943240.197,,Srp,53.73909214828755,53.4520243945636,,,-,
6610,ГЗУ-34 п,1783943042.744,Running,Pcp,40.16451828037179,40.265157579189896,,,-,
6611,ГЗУ-10 птв,1783942815.108,Running,Srp,9.129204459348685,8.834024914955858,,,-,
6621,ГЗУ-17 птв,1783942007.883,Running,Pcp,60.32438111305565,60.09311914022536,,,-,
6670,ГЗУ-1 ввг,1783941383.575,,Pcp,35.118447340143526,34.73149102643776,,,-,
6783,ГЗУ-27 п,1783942199.071,Running,Pcp,2.964185998276291,0.12224060884865479,,,-,
6784,ГЗУ-27 п,1783942729.076,Running,Pcp,10.474946637793288,10.37023606682146,,,-,
6785,ГЗУ-27 п,1783942888.686,,Srp,47.682865625909734,47.64609038844966,,,-,
6786,ГЗУ-27 п,1783943008.649,Running,Pcp,20.59663086773207,20.75741938135586,,,-,
6787,ГЗУ-27 п,1783941197.112,Running,Srp,35.75198708938284,34.79604143604331,,,-,
6788,ГЗУ-27 п,1783942465.239,Running,Pcp,21.486964802303444,20.807848737035947,,,-,
6789,ГЗУ-25 птв,1783942240.773,Running,Pcp,28.964709240927867,29.039605445059113,,,-,
6790,ГЗУ-27 п,1782728550.387,Running,Pcp,null,null,,,-,
6792,ГЗУ-27 п,1783942374.869,,Pcp,14.330635022219514,13.765681632277007,,,-,
7008,ГЗУ-30 п,1783942057.742,,Pcp,2.5927076313758906,1.480342683769211,,,-,
7009,ГЗУ-30 п,1783918078.382,,Srp,13.975335102962015,null,,,-,
7010,ГЗУ-30 п,1783920746.292,Running,Srp,13.913434876741697,null,,,-,
7011,ГЗУ-30 п,1783941782.762,,Srp,9.119313918550688,9.084747220608199,,,-,
7012,ГЗУ-30 п,1783943481.63,Running,Srp,10.837624360832738,10.678263338616516,,,-,
7014,ГЗУ-30 п,1783942768.519,Running,Srp,5.076955471534087,4.828134419943433,,,-,
7015,ГЗУ-30 п,1783943287.107,Stop,Srp,6.714315006200428,6.520568116690875,,,-,
7016,ГЗУ-30 п,1783942442.805,,Srp,1.55238792992525,1.7838949258066745,,,-,
7017,ГЗУ-30 п,NaN,,Srp,null,null,,,-,
7019,ГЗУ-30 п,1783943455.888,Running,Srp,29.688478115117736,29.67911195683884,,,-,
7021,ГЗУ-30 п,1783938500.557,,Srp,28.57006111227317,28.7510575048915,,,-,
7023,ГЗУ-30 п,1783942249.119,,Srp,14.963941200525232,14.666486357455003,,,-,
7054,ГЗУ-31 б п,1783943443.511,Running,Srp,5.980725292963422,6.014626391772949,1.99,38.7,100,
7110,ГЗУ-30 п,1783936806.628,,Srp,6.627022118690439,6.64477259377687,,,-,
7111,ГЗУ-30 п,1783936806.721,,Srp,7.804967267414005,7.856510096957233,,,-,
7112,ГЗУ-30 п,1783943044.941,Stop,Srp,17.99288677511652,17.913162527721756,,,-,
7113,ГЗУ-30 п,1783927288.496,,Srp,12.48725102473029,null,,,-,
7114,ГЗУ-30 п,1783936859.13,,Srp,11.334095235226853,11.40770341318191,,,-,
7119,ГЗУ-30 п,1783939622.886,,Srp,6.5012351534850685,6.752438937955944,,,-,
7120,ГЗУ-30 п,1783943462.255,Stop,Srp,41.912048310818484,41.761253172376385,,,-,
7121,ГЗУ-30 п,1783913514.643,,Srp,4.930214453887082,null,,,-,
7150,ГЗУ-30б п,1783940280.935,,Srp,25.079487976010626,24.981833055618562,,,-,
7151,ГЗУ-30б п,1783942578.945,Running,Srp,22.623046856306736,22.616184684825583,,,-,
7152,ГЗУ-30б п,1783943448.187,Running,Srp,21.219383819484957,21.663841667458897,,,-,
7244,ГЗУ-30б п,1783942409.358,,Srp,1.9394101485122015,1.9300533815969474,,,-,
7247,ГЗУ-30б п,1783936806.721,,Srp,5.686114597692156,5.512100955945894,,,-,
7248,ГЗУ-30б п,1783943194.428,Running,Srp,13.016724480415391,13.232999614541633,,,-,
7249,ГЗУ-30б п,1783940862.042,,Srp,16.822891821606564,15.738395270077579,,,-,
7250,ГЗУ-30б п,1783941766.074,Running,Srp,13.782350066765137,13.877198431296838,,,-,
7251,ГЗУ-30б п,1783481876.707,,Srp,null,null,,,-,
7256,ГЗУ-31 п,1783942662.914,Running,Srp,5.2560345106893385,5.302395386145214,2.32,37.8,-,
7258,ГЗУ-31 п,1783942685.16,Running,Pcp,5.880217076343421,5.980860319872849,,,-,
7305,ГЗУ-27 п,1783942429.346,Running,Pcp,9.844256467351544,9.77352218949403,,,-,
7309,ГЗУ-30 п,1783941874.077,,Srp,0.9856809864083338,null,,,-,
7310,ГЗУ-30 п,1783936806.627,,Srp,7.837691344202484,7.529317268186441,,,-,
7311,ГЗУ-30 п,1783938896.073,,Srp,11.508875998147056,null,,,-,
7315,ГЗУ-30 п,1783943462.27,,Srp,5.791695088092326,null,,,-,
7319,ГЗУ-30 п,1783942448.728,,Srp,0,0,,,-,
7342,ГЗУ-30б п,1783942833.155,Running,Srp,20.595770467033343,20.264132142766947,,,-,
7343,ГЗУ-30б п,1783942724.212,,Srp,16.545012578083693,3.221877206222147,,,-,
7347,ГЗУ-30б п,1783942539.233,Running,Srp,14.553815143605782,null,,,-,
7348,ГЗУ-30б п,1783942145.68,Running,Srp,9.922948854426599,9.916509134284059,,,-,
7349,ГЗУ-30б п,1783943195.792,Running,Srp,19.693531894583685,19.676973155085772,,,-,
7350,ГЗУ-30б п,1783940758.736,,Srp,13.274255399506165,13.238334587938748,,,-,
7351,ГЗУ-30б п,1783908036.026,,Srp,0,null,,,-,
7407,ГЗУ-27 п,1783942992.961,Running,Srp,19.006937253536293,5.739063244534697,,,-,
7409,ГЗУ-30а п,1783936807.424,,Srp,3.6740253787445503,3.4732690990590163,,,-,
7410,ГЗУ-30а п,1783936807.424,,Srp,0.4696239707776479,0,,,-,
7411,ГЗУ-30а п,1783943032.261,Stop,Srp,19.005073530482246,18.932183510132436,,,-,
7412,ГЗУ-30а п,1783942325.5,,Srp,8.348249910929514,8.42031957371119,,,-,
7414,ГЗУ-30а п,1783942666.273,,Srp,15.310544262766035,15.179046151852294,,,-,
7415,ГЗУ-30а п,1775872836.135,Running,Srp,null,null,,,-,
7419,ГЗУ-30а п,1783821631.352,,Pcp,null,null,,,-,
7420,ГЗУ-30а п,1783942005.773,,Pcp,16.541910920015418,16.46540914347145,,,-,
7443,ГЗУ-30б п,1783943322.947,Running,Srp,0,0,,,-,
7444,ГЗУ-30 п,1783943012.444,,Srp,12.937002240139462,16.906266925791144,,,-,
7446,ГЗУ-30б п,1783929916.159,,Srp,32.36196449435533,null,,,-,
7447,ГЗУ-30 п,1783942128.341,Running,Srp,18.294152890127542,18.30839286464199,,,-,
7448,ГЗУ-30 п,1783939986.758,,Srp,0.9058323530508985,0,,,-,
7451,ГЗУ-30 п,1783939579.551,Running,Srp,16.149952698574175,16.847663816220972,,,-,
7452,ГЗУ-30 п,1783942114.382,Stop,Srp,0,0,,,-,
7506,ГЗУ-27 п,1783943335.799,,Srp,1.5488982502065047,1.497804843358974,,,-,
7510,ГЗУ-30а п,1783943361.957,,Srp,3.9140683340275118,3.821695710495017,,,-,
7511,ГЗУ-30а п,1783940185.786,,Srp,17.148993601649078,17.210737635157336,,,-,
7512,ГЗУ-30а п,1783943072.478,Running,Srp,10.504602748300819,10.05516974195284,,,-,
7515,ГЗУ-30а п,1783943108.615,,Srp,13.606532606905624,13.388928432534154,,,-,
7518,ГЗУ-30а п,1783942083.36,,Srp,16.6643333732033,16.041711936692636,,,-,
7522,ГЗУ-30а п,1783942431.976,Running,Srp,5.358000327902236,5.408478441296357,,,-,
7611,ГЗУ-32а п,1783942100.351,Stop,Srp,26.33871805401777,26.264991836671314,,,-,
7613,ГЗУ-32а п,1783941816.278,,Srp,0.0011850378638952038,0,,,-,
7614,ГЗУ-32а п,1783943426.011,,Srp,8.015027957448236,8.05653129803056,,,-,
7615,ГЗУ-32а п,1783942499.746,Stop,Srp,10.26895249880428,9.386953015688466,,,-,
7618,ГЗУ-32а п,1783941738.231,,Srp,6.748131953230449,6.749072495426681,,,-,
7622,ГЗУ-32а п,1783940620.133,Running,Srp,37.20790041849775,37.29002561127637,,,-,
7625,ГЗУ-32 п,1783941725.456,,Pcp,23.216652545042113,23.56746071627898,,,-,
7712,ГЗУ-32 п,1783942746.395,Running,Srp,13.167948741469004,10.090677079726774,,,-,
7713,ГЗУ-32 п,1783943355.807,Running,Srp,18.64194275793485,18.577055497607688,,,-,
7716,ГЗУ-32 п,1782120509.495,Running,Srp,null,null,,,-,
7718,ГЗУ-32 п,1783943129.751,Running,Srp,1.7085450893768388,1.478613061481677,,,-,
7719,ГЗУ-32 п,1783940201.992,Stop,Srp,27.736569914596547,27.580534218871133,,,-,
7720,ГЗУ-32 п,1783942698.861,Stop,Srp,24.068071917918818,23.950013438695073,,,-,
7814,ГЗУ-32 п,1783908036.823,,Pcp,0,null,,,-,
7815,ГЗУ-32 п,1783941998.595,,Srp,14.912492879331037,0,,,-,
7816,ГЗУ-32 п,1783942030.462,,Srp,13.333602558164884,13.362028464774674,,,-,
7817,ГЗУ-32 п,1783941944.31,,Pcp,17.045623397781384,17.020319115399076,,,-,
7914,ГЗУ-32 п,1783943382.264,Running,Srp,0,0,0,0,-,
7916,ГЗУ-32 п,1783942721.08,Stop,Pcp,19.066153660926155,19.090534006209037,1.59,56.1,-,
7917,ГЗУ-32 п,1783942829.757,Running,Pcp,1.1366221183884422,1.2994672715384796,0,0,-,
7918,ГЗУ-32 п,1783942607.234,Running,Srp,null,null,0,0,-,
8000,ГЗУ-30б п,1783922567.767,,Srp,20.26642420571388,null,,,-,
8030,ГЗУ-33а п,1783942529.936,Running,Srp,19.859125022334563,19.808386230564246,1.98,86.3,-,
8034,ГЗУ-33а п,1783942540.59,Running,Srp,2.9359861341291107,2.7062992881767594,2.19,33,-,
8040,ГЗУ-33а п,1782626561.264,Running,Srp,null,null,,,-,
8043,ГЗУ-33а п,1783942939.05,Running,Pcp,12.852074267709384,12.914990453912658,,,-,
8045,ГЗУ-33 п,1783943020.453,Stop,Srp,19.381267517470743,19.478504848820883,,,-,
8046,ГЗУ-33а п,1774938992.983,Stop,Srp,null,null,,,-,
8047,ГЗУ-33а п,1783942744.52,Running,Srp,33.24373861244791,33.53111632054502,,,-,
8049,ГЗУ-33а п,1783943254.995,Running,Srp,16.73596290098538,16.77387279572742,2.26,35.1,-,
8050,ГЗУ-33 п,1783942601.173,Running,Srp,18.813568558066397,18.80533778270108,1.7,33.7,-,
8051,ГЗУ-34 п,1783942482.206,Running,Pcp,5.297553002722904,5.343010938536523,,,-,
8054,ГЗУ-33а п,1783943068.122,Running,Srp,38.94379625664265,38.159318384791206,,,-,
8056,ГЗУ-33а п,1783942948.578,Running,Srp,0,0,,,-,
8058,ГЗУ-33 п,1783941512.858,,Pcp,49.81075506070653,50.0280649819628,,,-,
8059,ГЗУ-33 п,1783942722.646,Running,Pcp,12.409731071041888,12.508224098073278,,,-,
8060,ГЗУ-33а п,1783942510.162,Running,Pcp,51.23197054573072,51.320064583324566,,,-,
8062,ГЗУ-33а п,1783939967.871,Stop,Pcp,16.741363751566176,16.699092744834225,,,-,
8065,ГЗУ-33а п,1783942636.884,,Pcp,62.334188609243945,62.20398870340199,,,-,
8069,ГЗУ-33 п,1783943201.98,Running,Pcp,23.586787007022007,23.619172375606965,,,-,
8070,ГЗУ-33а п,1783943157.276,,Srp,13.52880588463485,13.611146809646698,,,-,
8071,ГЗУ-33а п,1780365637.966,Stop,Pcp,null,null,,,-,
8072,ГЗУ-33а п,1783942564.845,Running,Pcp,20.085527901137883,19.907800854888738,,,-,
8075,ГЗУ-33 п,1783940045.018,Running,Pcp,9.089355606506183,8.871906269505766,,,-,
8076,ГЗУ-33 п,1783942919.169,Running,Pcp,34.77878312866841,34.668945798403186,,,-,
8077,ГЗУ-33а п,1783942729.155,,Pcp,27.086066674270114,null,,,-,
8079,ГЗУ-33а п,1783942752.037,Stop,Srp,40.03078230308415,40.02986885016342,,,-,
8082,ГЗУ-33а п,1781083436.235,Running,Pcp,null,null,,,-,
8083,ГЗУ-33а п,1783942032.044,,Pcp,22.098077791720353,21.980612365987774,,,-,
8085,ГЗУ-33а п,1783943174.973,Running,Pcp,3.1624544918800908,3.0395344352894433,,,-,
8086,ГЗУ-33а п,1783943201.631,Running,Pcp,8.235049885083997,8.277105932268059,,,-,
8088,ГЗУ-34 п,1783942592.491,Stop,Pcp,30.596827779410226,18.385499800943027,,,-,
8089,ГЗУ-33а п,1780991308.677,Running,Srp,null,null,,,-,
8090,ГЗУ-34 п,1783821632.751,Running,Pcp,null,null,,,-,
8093,ГЗУ-33 п,1783942504.555,,Pcp,0.7194421057524484,0.7868308677560604,,,-,
8098,ГЗУ-33а п,1783942861.382,Running,Pcp,8.373871709808782,8.843045944368333,,,-,
8099,ГЗУ-33а п,1783942078.537,Running,Pcp,9.157526029001177,9.117652841943443,,,-,
8101,ГЗУ-33а п,1783941919.59,,Srp,37.65009046698508,37.70296739596201,,,-,
8102,ГЗУ-33а п,1783943206.749,Stop,Pcp,52.59737246645424,52.43780573407456,,,-,
8103,ГЗУ-33 п,1783942683.295,Running,Srp,8.71496669981944,8.742169191166345,2.5,32.9,-,
8104,ГЗУ-33 п,1783943325.057,Running,Srp,6.4954141555538385,6.388622625734862,,,-,
8107,ГЗУ-33а п,1783941161.299,Running,Pcp,30.457661757799375,30.049578754450156,,,-,
8113,ГЗУ-33а п,1783942887.448,,Srp,18.730385297617424,18.8170147850028,,,-,
8115,ГЗУ-33а п,1783943101.129,Running,Pcp,12.024504976566504,11.995115797837023,,,-,
8117,ГЗУ-34 п,1783943301.147,Running,Pcp,29.21282314378025,29.168618043580285,,,-,
8118,ГЗУ-34 п,1783943457.439,Running,Srp,33.55054952781631,28.973350938895187,,,-,
8122,ГЗУ-33а п,1783943378.547,Stop,Srp,5.6000561042094565,5.587794132018086,,,-,
8123,ГЗУ-33а п,1783943486.834,Running,Pcp,41.649986061232354,41.60225599380159,,,-,
8129,ГЗУ-33а п,1783943149.825,Running,Srp,10.624620918772978,10.530367475414236,,,-,
8131,ГЗУ-33а п,1783942952.271,,Pcp,37.443021966252864,38.16032640423855,,,-,
8132,ГЗУ-33а п,1783943320.324,Running,Pcp,5.478199683003528,5.46740477177156,,,-,
8137,ГЗУ-33а п,1783943065.305,Running,Pcp,37.0502601811229,36.874221696464126,,,-,
8138,ГЗУ-33а п,1783941955.452,Running,Pcp,42.412767764967036,42.38770856587143,,,-,
8142,ГЗУ-33а п,1783943496.93,Running,Pcp,24.519256734156116,24.521531618674526,,,-,
8143,ГЗУ-33а п,1783942999.564,Running,Srp,13.498931089803001,13.43930211983841,,,-,
8145,ГЗУ-33а п,1783943273.01,Running,Pcp,39.30939938982922,39.1039172791685,,,-,
8146,ГЗУ-33а п,1783943026.749,Stop,Pcp,16.190483247303806,16.054524977043435,,,-,
8152,ГЗУ-33а п,1783943318.932,Stop,Pcp,66.68527431569471,66.6956565702597,,,-,
8156,ГЗУ-33а п,1783871855.989,Running,Srp,null,null,,,-,
8159,ГЗУ-33а п,1783942039.375,Running,Pcp,36.439017670848585,36.116294974543756,,,-,
8160,ГЗУ-33а п,1783942840.328,Running,Srp,21.480411951214446,22.534891874001598,,,-,
8161,ГЗУ-33а п,1783943039.731,Stop,Srp,28.63679191039346,28.627148036698703,,,-,
8162,ГЗУ-33а п,1783940254.577,Running,Pcp,25.423822486249456,25.442243509926243,,,-,
8164,ГЗУ-33а п,1783940874.209,Running,Srp,13.523370449373258,13.464165675069362,,,-,
8165,ГЗУ-33а п,1783943406.623,Running,Srp,18.895612892611688,18.79602750682831,,,-,
8166,ГЗУ-33а п,1783942493.93,Running,Srp,29.291915242302267,29.277201883403436,,,-,
8168,ГЗУ-33 п,1783941270.355,Running,Srp,24.215966693517785,24.10029560491335,,,-,
8169,ГЗУ-33а п,1783943520.19,Running,Pcp,38.19157674775389,37.90909788694567,,,-,
8170,ГЗУ-33а п,1783942727.501,Running,Pcp,9.638011168701134,9.243732423251819,,,-,
8171,ГЗУ-33 п,1783942887.432,,Pcp,11.65369648945058,11.423628582884072,,,-,
8187,ГЗУ-9 птв,1783941392.675,Running,Srp,11.274458717171344,11.170098246103091,,,-,
8188,ГЗУ-9 птв,1783942221.138,,Pcp,23.567692569487317,23.546676738868236,,,-,
8343,ГЗУ-31 б п,1783942506.405,Running,Pcp,0,null,2.28,150,-,
8344,ГЗУ-31 б п,1783943432.25,Running,Srp,13.332590448070304,13.419668585524896,2.09,60,-,
8345,ГЗУ-31 б п,1783943144.904,Running,Pcp,20.125854840577688,20.09533609352154,1.55,40.2,-,
8363,ГЗУ-31 п,1783936806.827,,Srp,8.359266571503985,7.976474561784099,,,-,
8374,ГЗУ-30б п,1783942694.106,Running,Srp,0,0,,,-,
8375,ГЗУ-31 п,1783943186.601,Stop,Srp,6.591278503093257,6.66576129893683,,,-,
8600,ГЗУ-27 п,1783942482.58,Stop,Srp,19.633148945968774,19.647586656534063,2.47,45.3,-,
8601,ГЗУ-27 п,1783943153.953,Running,Pcp,22.225658771818892,22.103490202623988,2.58,38.7,-,
8612,ГЗУ-30 п,1774783746.187,Running,Srp,null,null,0,0,-,
8653,ГЗУ-30а п,1783942586.326,,Srp,23.20403712385627,23.34224129069257,,,-,
8702,ГЗУ-27 п,1783942602.755,,Srp,5.9356806870202,6.026211648620649,,,-,
8711,ГЗУ-30а п,1783942837.779,Running,Srp,7.823865928176515,7.720353175016875,,,-,
8715,ГЗУ-30а п,1783942927.577,Running,Srp,0,0,0,0,-,
8750,ГЗУ-27 п,1783942613.636,,Srp,6.276106541007869,6.153533872009952,,,-,
8751,ГЗУ-30а п,1783942867.553,Running,Srp,18.768359899189637,18.836113345154725,0,0,-,
8800,ГЗУ-27а п,1783943124.459,Running,Srp,9.424206570212599,9.238256423314837,0,0,-,
8801,ГЗУ-32 п,1783942427.24,,Srp,16.207812695558747,15.223006538986057,,,-,
8826,ГЗУ-32 п,1783943165.967,Running,Srp,9.94895147141537,null,2.23,59.1,-,
8827,ГЗУ-32 п,1783943240.629,,Pcp,9.246686118715308,10.00049745907727,,,-,
8846,ГЗУ-32 п,1783943336.006,Running,Srp,8.109022287443864,8.608935047595276,2.27,33.2,-,
8847,ГЗУ-32 п,1783942357.676,Running,Srp,6.568423846981812,6.601861098208328,2.17,31.4,-,
8866,ГЗУ-32 п,1783942513.808,Stop,Pcp,0,0,0.7,38.9,-,
8867,ГЗУ-32 п,1783943371.952,Running,Srp,6.2657765811377395,6.160166797265811,1.9,43.6,-,
8997,ГЗУ-31 б п,1783942430.532,Running,Pcp,21.722611211519208,21.736290713915732,,,-,
8999,ГЗУ-31 б п,1783494513.188,Running,Srp,null,null,2.52,57.7,0,
9002,ГЗУ-31 б п,1783943163.481,Running,Srp,11.853429618597339,12.527144558601956,2.79,46.1,7.28476821192053,
9003,ГЗУ-31 б п,1775533707.17,,Srp,null,null,,,-,
9004,ГЗУ-31 б п,1783936806.72,,Srp,0,0,,,-,
9005,ГЗУ-31 б п,1783908036.821,,Srp,0,null,,,0,
9006,ГЗУ-31 б п,1783943060.355,Stop,Srp,21.814140017900645,21.305101166535053,,,-,
9007,ГЗУ-31 б п,1783943030.938,Running,Srp,4.070117045980197,0,1.86,50.8,100,
9008,ГЗУ-31 б п,1782784836.934,Running,Srp,null,null,1.91,40,0,
9009,ГЗУ-31 б п,1783943260.947,,Srp,24.284641680576918,23.710245424435854,,,-,
9014,ГЗУ-31 б п,1781256426.449,Running,Pcp,null,null,,,-,
9015,ГЗУ-31 б п,1783936807.32,Stop,Pcp,16.458887988151314,17.50920921813226,,,-,
9017,ГЗУ-31 б п,1783943398.861,Running,Pcp,55.16665273992427,62.40503386438816,,,-,
9018,ГЗУ-31 б п,1783942766.13,Running,Pcp,14.194710313873411,14.312834712641198,,,-,
9100,ГЗУ-30б п,1783216833.224,,Srp,null,null,,,-,
9101,ГЗУ-31 б п,1783130427.238,Stop,Srp,null,null,60,59.8,0,
9103,ГЗУ-31 б п,1783943300.429,Stop,Srp,17.26612570028687,17.361206443022493,,,-,
9107,ГЗУ-31 б п,1783942399.322,Running,Srp,4.292222085560167,4.0674884775874425,1.71,37.4,-,
9108,ГЗУ-31 б п,1783942488.016,Running,Srp,26.418892080421294,24.277298214484865,1.93,59.5,100,
9109,ГЗУ-31 б п,1783943279.442,Stop,Srp,10.577775189643182,10.675449746907073,,,-,
9110,ГЗУ-31 б п,1783942228.959,Running,Srp,6.015913165063183,0.004586496593929797,1.24,61.6,100,
9111,ГЗУ-31 б п,1783942506.419,Stop,Srp,14.047485873928851,13.539004173316494,,,-,
9112,ГЗУ-31 б п,1783941321.437,Running,Pcp,30.333392891167914,30.03304709551114,1.81,46.7,-,
9203,ГЗУ-30б п,NaN,,Srp,null,null,,,-,
9204,ГЗУ-30б п,1783938556.494,Stop,Srp,2.730989375096902,null,,,-,
9208,ГЗУ-31 п,1783942690.052,Running,Srp,13.497255203775529,null,2.23,47.4,-,
9210,ГЗУ-31 п,1783942609.049,Running,Srp,0,0,0,0,-,
9309,ГЗУ-31 п,1777773651.808,Running,Srp,null,null,,,-,
17,ГЗУ-1 ввг,1783942883.153,,Pcp,0,0,,,-,
89,ГЗУ-1 ввг,1783942263.416,,Srp,0,0,,,-,
93,ГЗУ-1 ввг,1783942416.541,,Pcp,0,0,,,-,
104,ГЗУ-1 ввг,1783943184.916,,Pcp,null,null,,,-,
147,ГЗУ-34 п,1783943209.188,Stop,Srp,0,0,2.24,37,-,
153,ГЗУ-1 ввг,1783942167.271,,Pcp,15.941247686473117,15.889809505128717,,,-,
182,ГЗУ-33а п,1783943212.849,,Srp,0,0,,,-,
311,ГЗУ-33а п,1783942807.856,,Pcp,12.616737101672017,12.583601500246012,,,-,
424,ГЗУ-34 п,1773712843.54,,Pcp,null,null,,,-,
436,ГЗУ-34 п,1783943100.961,,Pcp,0,0,,,-,
542,ГЗУ-34 п,1777980158.372,,Pcp,null,null,,,-,
543,ГЗУ-34 п,1773630909.977,,Srp,null,null,,,-,
563,ГЗУ-34 п,1783941837.752,,Pcp,0,0,,,-,
614,ГЗУ-34 п,1783648823.421,,Srp,null,null,,,-,
703,ГЗУ-5 ввг,1783941115.057,,Srp,0,0,,,-,
704,ГЗУ-5 ввг,1783939929.551,,Pcp,0,0,,,-,
853,ГЗУ-12 ввг,1783943084.474,,Srp,25.79353642093996,25.791693715117944,,,-,
909,ГЗУ-12а ввг,1773446400,,Pcp,null,null,,,-,
913,ГЗУ-12 ввг,1783942932.484,,Srp,0,0,,,-,
921,ГЗУ-12а ввг,1773446400,,Srp,null,null,,,-,
955,ГЗУ-12 ввг,1783943323.876,,Srp,0,0,,,-,
975,ГЗУ-12 ввг,1783942860.068,,Pcp,18.64378128168954,18.179909346324195,,,-,
1103,ГЗУ-1 ввг,1776650440.287,,Pcp,null,null,,,-,
1433,ГЗУ-33а п,1783943024.492,Stop,Pcp,9.36519664946822,8.985329666583572,,,-,
1492,ГЗУ-17 птв,1783943153.906,,Pcp,0,0,,,-,
1730,ГЗУ-1 ввг,1773446400,,Srp,null,null,,,-,
1765,ГЗУ-1 ввг,1773569831.343,,Srp,null,null,,,-,
1943,ГЗУ-33а п,1773446400,,Pcp,null,null,,,-,
2049,ГЗУ-32 п,1773446400,,Srp,null,null,,,-,
2052,ГЗУ-32 п,1783943088.072,Running,Pcp,7.631600870449033,5.498063106934886,,,-,
2056,ГЗУ-32 п,1783942437.929,,Pcp,1.1426827519627678,0,,,-,
2142,ГЗУ-1 ввг,1773446400,,Srp,null,null,,,-,
2155,ГЗУ-1 ввг,1774865933.522,,Pcp,null,null,,,-,
2172,ГЗУ-1 ввг,1782093636.757,,Pcp,null,null,,,-,
2212,ГЗУ-1 ввг,1783937084.586,,Srp,0,0,,,-,
2236,ГЗУ-5 ввг,1783942643.775,Stop,Pcp,0,0,,,-,
2265,ГЗУ-5 ввг,1783943196.935,,Pcp,0,0,,,-,
2720,ГЗУ-32а п,1783936806.721,,Srp,0,0,,,-,
2758,ГЗУ-32 п,1783943510.079,Running,Srp,37.40230043799926,37.29495013736335,,,-,
2848,ГЗУ-30б п,1783937622.853,,Srp,0,null,,,-,
2896,ГЗУ-31 б п,1783941630.673,Running,Srp,8.665702334625497,8.831721547005206,,,-,
2958,ГЗУ-31 п,1782957636.434,Stop,Pcp,null,null,,,-,
3178,ГЗУ-30б п,1779674436.657,,Srp,null,null,,,-,
3188,ГЗУ-30б п,1780452038.338,,Srp,null,null,,,-,
3347,ГЗУ-30а п,1783936807.425,,Srp,10.44232319033105,10.412216200979,,,-,
3367,ГЗУ-31а п,1783941954.64,,Srp,2.594254967819004,3.848837459147825,,,-,
3750,ГЗУ-30б п,1783939600.667,Stop,Pcp,0,0,,,-,
3857,ГЗУ-34 п,1783942456.254,,Srp,0,0,,,-,
4174,ГЗУ-12а ввг,1783942523.968,,Pcp,2.843618882211809,2.1107154646643056,,,-,
4218,ГЗУ-34 п,1783943221.54,,Srp,0,0,,,-,
4220,ГЗУ-34 п,1783908035.828,Running,Srp,0,null,0,0,-,
4745,ГЗУ-32 п,1783943300.571,,Srp,0,0,,,-,
5283,ГЗУ-31а п,1783943213.692,,Pcp,11.999721385824143,11.999314609877269,,,-,
5286,ГЗУ-31а п,1783940780.643,,Pcp,0,0,,,-,
5289,ГЗУ-31а п,1773640006.169,,Srp,null,null,,,-,
5641,ГЗУ-31а п,1783939391.903,,Pcp,0,0,,,-,
5793,ГЗУ-33 п,1773446400,,Srp,null,null,,,-,
5808,ГЗУ-33 п,1773446400,,Pcp,null,null,,,-,
5810,ГЗУ-33 п,1783942393.466,,Srp,0,0,,,-,
6179,ГЗУ-12а ввг,1774922433.438,Stop,Pcp,null,null,,,-,
6180,ГЗУ-12а ввг,1783932083.902,,Srp,1.0428520699635226,null,,,-,
6199,ГЗУ-12а ввг,1783943243.565,,Pcp,1.0513370511116722,1.093830233399406,,,-,
6207,ГЗУ-12а ввг,1773446400,,Pcp,null,null,,,-,
6368,ГЗУ-12 ввг,1773446400,,Srp,null,null,,,-,
6393,ГЗУ-12 ввг,1773446400,,Srp,null,null,,,-,
6593,ГЗУ-34 п,1782698435.141,,Srp,null,null,,,-,
6600,ГЗУ-33 п,1783941923.481,,Pcp,0,0,,,-,
8038,ГЗУ-34 п,1783942704.864,Running,Srp,18.43175351422114,18.32581654709151,1.31,34.9,-,
8110,ГЗУ-34 п,1783942839.576,Running,Srp,1.2135926199145288,null,2.77,34.2,-,
8609,ГЗУ-30 п,1778637645.749,Stop,Srp,null,null,0,22.8,-,
9211,ГЗУ-31 п,1783942721.244,Running,Srp,4.990978071508087,4.873527608078161,1.87,40.5,-,